FILE;LOC;COM;BLK;NOF;NOC;APF;AMC;NER;NEH;CYC;MAD;BUG
./scikit-learn/setup.py;559;47;70;9;2;0.89;3.0;3;2;48;13;1
./scikit-learn/maint_tools/check_pxd_in_installation.py;50;6;10;0;0;0.0;0.0;0;0;6;9;1
./scikit-learn/maint_tools/update_tracking_issue.py;135;12;28;3;0;0.33;0.0;0;0;21;10;1
./scikit-learn/maint_tools/sort_whats_new.py;34;4;9;1;0;1.0;0.0;0;0;8;9;0
./scikit-learn/benchmarks/bench_plot_omp_lars.py;102;10;18;1;0;2.0;0.0;0;0;5;9;1
./scikit-learn/benchmarks/bench_plot_neighbors.py;153;6;38;2;0;5.5;0.0;1;0;15;12;1
./scikit-learn/benchmarks/bench_plot_parallel_pairwise.py;33;2;14;3;0;1.67;0.0;0;0;2;9;1
./scikit-learn/benchmarks/bench_plot_incremental_pca.py;129;3;30;8;0;2.88;0.0;0;0;5;10;1
./scikit-learn/benchmarks/bench_covertype.py;202;9;33;1;0;3.0;0.0;0;0;5;12;1
./scikit-learn/benchmarks/bench_hist_gradient_boosting_categorical_only.py;65;3;14;2;0;3.0;0.0;0;0;3;8;1
./scikit-learn/benchmarks/bench_text_vectorizers.py;52;0;22;2;0;1.0;0.0;0;0;2;9;1
./scikit-learn/benchmarks/bench_random_projections.py;255;26;49;6;0;2.17;0.0;0;0;11;13;1
./scikit-learn/benchmarks/bench_isotonic.py;87;2;24;4;0;1.0;0.0;0;0;5;10;1
./scikit-learn/benchmarks/bench_hist_gradient_boosting.py;258;1;34;2;0;0.5;0.0;0;0;20;9;1
./scikit-learn/benchmarks/bench_plot_fastkmeans.py;115;2;26;2;0;1.5;0.0;0;0;9;12;1
./scikit-learn/benchmarks/bench_isolation_forest.py;137;11;27;1;0;1.0;0.0;0;0;10;9;1
./scikit-learn/benchmarks/bench_plot_ward.py;40;0;8;0;0;0.0;0.0;0;0;3;8;1
./scikit-learn/benchmarks/bench_pca_solvers.py;151;21;14;1;0;4.0;0.0;0;0;23;12;1
./scikit-learn/benchmarks/bench_sparsify.py;81;5;26;4;0;1.0;0.0;0;0;3;8;1
./scikit-learn/benchmarks/bench_plot_nmf.py;399;34;75;15;1;4.53;6.0;3;0;45;12;1
./scikit-learn/benchmarks/bench_glm.py;40;0;17;0;0;0.0;0.0;0;0;3;10;1
./scikit-learn/benchmarks/bench_lof.py;94;8;19;0;0;0.0;0.0;0;0;10;9;1
./scikit-learn/benchmarks/bench_tsne_mnist.py;176;5;32;5;0;2.2;0.0;2;2;13;11;1
./scikit-learn/benchmarks/bench_hist_gradient_boosting_threading.py;298;2;49;2;0;1.0;0.0;0;0;29;9;1
./scikit-learn/benchmarks/bench_kernel_pca_solvers_time_vs_n_samples.py;153;25;30;0;0;0.0;0.0;0;0;7;11;1
./scikit-learn/benchmarks/bench_mnist.py;201;9;29;1;0;2.0;0.0;0;0;5;11;1
./scikit-learn/benchmarks/bench_tree.py;96;6;27;2;0;2.0;0.0;0;0;4;8;1
./scikit-learn/benchmarks/bench_feature_expansions.py;51;4;7;0;0;0.0;0.0;0;0;5;10;1
./scikit-learn/benchmarks/bench_hist_gradient_boosting_higgsboson.py;106;0;21;3;0;2.33;0.0;0;0;9;10;1
./scikit-learn/benchmarks/bench_multilabel_metrics.py;200;1;27;3;0;5.67;0.0;0;0;14;11;1
./scikit-learn/benchmarks/bench_lasso.py;78;2;21;1;0;4.0;0.0;0;0;4;11;1
./scikit-learn/benchmarks/bench_sgd_regression.py;129;4;22;0;0;0.0;0.0;0;0;5;10;1
./scikit-learn/benchmarks/bench_online_ocsvm.py;236;15;58;3;0;1.67;0.0;0;0;13;10;1
./scikit-learn/benchmarks/bench_sample_without_replacement.py;194;35;39;2;0;2.5;0.0;1;0;11;13;1
./scikit-learn/benchmarks/bench_hist_gradient_boosting_adult.py;84;3;16;2;0;3.5;0.0;0;0;3;8;1
./scikit-learn/benchmarks/bench_plot_svd.py;63;4;17;1;0;4.0;0.0;0;0;5;10;1
./scikit-learn/benchmarks/bench_glmnet.py;110;6;30;2;0;4.0;0.0;0;0;4;13;1
./scikit-learn/benchmarks/bench_kernel_pca_solvers_time_vs_n_components.py;151;25;28;0;0;0.0;0.0;0;0;8;11;1
./scikit-learn/benchmarks/plot_tsne_mnist.py;27;0;6;0;0;0.0;0.0;0;0;3;8;1
./scikit-learn/benchmarks/bench_plot_hierarchical.py;59;0;18;1;0;2.0;0.0;0;0;9;11;1
./scikit-learn/benchmarks/bench_rcv1_logreg_convergence.py;266;16;47;8;0;1.88;0.0;0;4;15;13;1
./scikit-learn/benchmarks/bench_plot_randomized_svd.py;453;17;75;12;0;3.0;0.0;1;1;57;16;1
./scikit-learn/benchmarks/bench_plot_lasso_path.py;92;8;21;1;0;2.0;0.0;0;0;5;9;1
./scikit-learn/benchmarks/bench_20newsgroups.py;83;2;11;0;0;0.0;0.0;0;1;5;12;1
./scikit-learn/benchmarks/bench_plot_polynomial_kernel_approximation.py;146;20;30;0;0;0.0;0.0;0;0;7;10;1
./scikit-learn/benchmarks/bench_saga.py;342;2;44;4;0;5.0;0.0;0;2;46;11;1
./scikit-learn/sklearn/multiclass.py;1045;33;224;34;4;2.29;6.5;4;1;34;14;1
./scikit-learn/sklearn/__init__.py;152;68;20;1;0;1.0;0.0;0;2;5;9;1
./scikit-learn/sklearn/_min_dependencies.py;58;8;9;0;0;0.0;0.0;0;0;4;8;1
./scikit-learn/sklearn/calibration.py;1164;58;244;20;4;2.9;3.75;4;0;45;15;1
./scikit-learn/sklearn/random_projection.py;632;10;179;17;3;2.24;4.0;7;0;20;12;1
./scikit-learn/sklearn/_distributor_init.py;7;0;3;0;0;0.0;0.0;0;0;1;2;1
./scikit-learn/sklearn/kernel_approximation.py;891;22;211;23;5;1.91;4.6;5;1;43;16;1
./scikit-learn/sklearn/conftest.py;259;29;56;11;0;0.64;0.0;5;5;45;10;1
./scikit-learn/sklearn/naive_bayes.py;1217;56;298;53;7;2.57;7.29;12;0;51;13;1
./scikit-learn/sklearn/base.py;1217;79;260;42;13;1.71;2.54;12;4;120;13;1
./scikit-learn/sklearn/exceptions.py;141;0;50;3;11;1.0;0.27;0;0;1;8;1
./scikit-learn/sklearn/multioutput.py;1000;30;253;35;6;2.17;4.83;9;0;65;14;1
./scikit-learn/sklearn/pipeline.py;1593;75;360;68;2;1.94;29.5;10;5;135;23;1
./scikit-learn/sklearn/dummy.py;569;13;131;12;2;2.42;6.0;8;0;54;15;1
./scikit-learn/sklearn/kernel_ridge.py;196;4;41;5;1;2.4;5.0;0;0;9;11;1
./scikit-learn/sklearn/_config.py;296;2;77;4;0;2.5;0.0;0;0;13;8;1
./scikit-learn/sklearn/discriminant_analysis.py;871;42;190;20;2;2.85;8.5;10;0;50;12;1
./scikit-learn/sklearn/isotonic.py;399;37;99;14;1;2.14;12.0;1;0;24;11;1
./scikit-learn/sklearn/impute/__init__.py;19;4;6;1;0;1.0;0.0;2;0;3;8;1
./scikit-learn/sklearn/impute/_knn.py;324;25;77;6;1;2.5;5.0;0;0;13;14;0
./scikit-learn/sklearn/impute/_base.py;907;58;187;26;3;2.38;8.0;16;1;113;16;1
./scikit-learn/sklearn/impute/_iterative.py;804;26;156;13;1;3.0;12.0;3;0;53;13;1
./scikit-learn/sklearn/impute/tests/__init__.py;0;0;0;0;0;0.0;0.0;0;0;1;0;0
./scikit-learn/sklearn/impute/tests/test_base.py;79;0;28;14;4;1.93;2.0;0;0;10;9;0
./scikit-learn/sklearn/impute/tests/test_impute.py;1459;124;329;77;1;1.29;3.0;0;0;66;12;0
./scikit-learn/sklearn/impute/tests/test_knn.py;445;29;102;18;0;1.39;0.0;0;0;6;9;0
./scikit-learn/sklearn/impute/tests/test_common.py;182;12;38;9;0;1.56;0.0;0;0;5;11;0
./scikit-learn/sklearn/gaussian_process/_gpc.py;760;68;142;14;2;2.57;6.5;12;0;52;17;0
./scikit-learn/sklearn/gaussian_process/__init__.py;12;4;3;0;0;0.0;0.0;0;0;1;3;1
./scikit-learn/sklearn/gaussian_process/kernels.py;1992;57;421;106;18;1.99;5.67;15;0;137;16;1
./scikit-learn/sklearn/gaussian_process/_gpr.py;566;71;103;8;1;3.0;7.0;7;2;56;13;1
./scikit-learn/sklearn/gaussian_process/tests/__init__.py;0;0;0;0;0;0.0;0.0;0;0;1;0;0
./scikit-learn/sklearn/gaussian_process/tests/test_kernels.py;327;57;61;18;0;0.78;0.0;0;0;29;11;0
./scikit-learn/sklearn/gaussian_process/tests/test_gpc.py;228;17;56;15;0;1.2;0.0;0;0;8;11;1
./scikit-learn/sklearn/gaussian_process/tests/_mini_sequence_kernel.py;43;0;11;7;1;2.57;7.0;0;0;5;13;0
./scikit-learn/sklearn/gaussian_process/tests/test_gpr.py;669;67;180;37;1;0.84;1.0;0;0;28;12;1
./scikit-learn/sklearn/experimental/__init__.py;6;0;1;0;0;0.0;0.0;0;0;1;2;1
./scikit-learn/sklearn/experimental/enable_hist_gradient_boosting.py;16;2;5;0;0;0.0;0.0;0;0;1;5;1
./scikit-learn/sklearn/experimental/enable_iterative_imputer.py;15;1;5;0;0;0.0;0.0;0;0;1;4;0
./scikit-learn/sklearn/experimental/enable_halving_search_cv.py;24;1;8;0;0;0.0;0.0;0;0;1;4;0
./scikit-learn/sklearn/experimental/tests/__init__.py;0;0;0;0;0;0.0;0.0;0;0;1;0;0
./scikit-learn/sklearn/experimental/tests/test_enable_successive_halving.py;43;5;10;1;0;0.0;0.0;0;0;1;7;1
./scikit-learn/sklearn/experimental/tests/test_enable_iterative_imputer.py;41;5;10;1;0;0.0;0.0;0;0;1;7;1
./scikit-learn/sklearn/experimental/tests/test_enable_hist_gradient_boosting.py;14;0;5;1;0;0.0;0.0;0;0;1;7;1
./scikit-learn/sklearn/tests/test_discriminant_analysis.py;557;92;121;26;1;0.73;1.0;0;0;23;14;0
./scikit-learn/sklearn/tests/test_dummy.py;533;39;177;44;0;1.0;0.0;0;0;20;11;0
./scikit-learn/sklearn/tests/test_check_build.py;10;2;5;1;0;0.0;0.0;0;0;2;7;0
./scikit-learn/sklearn/tests/__init__.py;0;0;0;0;0;0.0;0.0;0;0;1;0;0
./scikit-learn/sklearn/tests/metadata_routing_common.py;409;24;111;54;13;3.2;3.85;0;0;32;13;0
./scikit-learn/sklearn/tests/test_metaestimators.py;263;20;44;17;2;1.82;5.5;1;0;29;13;1
./scikit-learn/sklearn/tests/test_config.py;154;8;45;10;0;0.7;0.0;2;1;21;10;0
./scikit-learn/sklearn/tests/test_public_functions.py;369;11;34;4;0;2.25;0.0;1;1;19;11;0
./scikit-learn/sklearn/tests/test_random_projection.py;479;47;105;25;0;1.6;0.0;0;0;31;12;0
./scikit-learn/sklearn/tests/test_base.py;684;71;237;79;30;1.06;1.3;0;0;39;11;0
./scikit-learn/sklearn/tests/test_pipeline.py;1678;171;404;118;15;1.25;2.8;2;2;74;14;0
./scikit-learn/sklearn/tests/test_docstrings.py;165;34;43;6;0;1.83;0.0;4;1;34;11;0
./scikit-learn/sklearn/tests/test_kernel_approximation.py;386;49;103;25;0;0.84;0.0;0;0;11;10;0
./scikit-learn/sklearn/tests/test_common.py;532;36;94;30;1;0.87;1.0;0;1;60;14;0
./scikit-learn/sklearn/tests/test_isotonic.py;543;70;159;40;0;0.1;0.0;0;0;24;11;0
./scikit-learn/sklearn/tests/test_min_dependencies_readme.py;106;10;31;3;0;1.67;0.0;1;0;20;10;0
./scikit-learn/sklearn/tests/test_naive_bayes.py;789;141;184;36;0;0.83;0.0;0;0;45;10;0
./scikit-learn/sklearn/tests/test_multioutput.py;694;75;173;44;3;0.75;1.0;0;0;32;10;0
./scikit-learn/sklearn/tests/test_docstring_parameters.py;288;47;45;6;0;1.0;0.0;3;1;67;13;0
./scikit-learn/sklearn/tests/test_init.py;13;5;7;1;0;0.0;0.0;0;1;2;5;0
./scikit-learn/sklearn/tests/test_kernel_ridge.py;62;3;18;7;0;0.14;0.0;0;0;2;11;0
./scikit-learn/sklearn/tests/test_calibration.py;886;124;215;50;5;1.66;1.2;0;0;32;12;0
./scikit-learn/sklearn/tests/test_metaestimators_metadata_routing.py;764;41;62;13;0;1.0;0.0;3;4;55;13;0
./scikit-learn/sklearn/tests/test_metadata_routing.py;913;116;198;75;21;1.76;1.81;0;0;34;15;0
./scikit-learn/sklearn/tests/test_multiclass.py;762;109;186;44;0;0.18;0.0;0;0;33;10;0
./scikit-learn/sklearn/tests/test_build.py;25;3;9;1;0;0.0;0.0;0;0;3;8;0
./scikit-learn/sklearn/tests/random_seed.py;67;5;18;4;2;1.5;1.0;1;0;13;13;0
./scikit-learn/sklearn/model_selection/__init__.py;88;4;6;1;0;1.0;0.0;2;0;3;8;1
./scikit-learn/sklearn/model_selection/_search_successive_halving.py;891;40;188;14;4;2.21;3.25;7;0;29;12;0
./scikit-learn/sklearn/model_selection/_plot.py;736;6;138;7;3;2.29;2.33;2;0;19;13;0
./scikit-learn/sklearn/model_selection/_classification_threshold.py;837;10;166;25;4;2.32;5.0;5;1;26;15;0
./scikit-learn/sklearn/model_selection/_split.py;2411;94;503;68;22;3.04;2.82;41;0;160;13;1
./scikit-learn/sklearn/model_selection/_search.py;1595;65;339;39;5;2.0;6.8;18;2;103;16;0
./scikit-learn/sklearn/model_selection/_validation.py;1989;79;360;20;0;3.65;0.0;17;4;140;14;0
./scikit-learn/sklearn/model_selection/tests/__init__.py;0;0;0;0;0;0.0;0.0;0;0;1;0;0
./scikit-learn/sklearn/model_selection/tests/test_successive_halving.py;734;109;122;27;3;2.7;2.67;2;0;32;11;0
./scikit-learn/sklearn/model_selection/tests/common.py;17;0;7;3;1;3.67;3.0;0;0;2;10;0
./scikit-learn/sklearn/model_selection/tests/test_plot.py;474;1;98;13;1;3.69;0.0;0;0;16;12;0
./scikit-learn/sklearn/model_selection/tests/test_search.py;2185;223;458;136;13;1.14;2.38;2;1;119;13;0
./scikit-learn/sklearn/model_selection/tests/test_classification_threshold.py;590;41;94;22;0;0.91;0.0;0;0;13;10;0
./scikit-learn/sklearn/model_selection/tests/test_split.py;1694;231;362;79;1;0.81;2.0;0;3;132;12;1
./scikit-learn/sklearn/model_selection/tests/test_validation.py;2240;185;387;114;8;1.32;3.25;11;4;151;12;0
./scikit-learn/sklearn/semi_supervised/__init__.py;9;0;2;0;0;0.0;0.0;0;0;1;3;1
./scikit-learn/sklearn/semi_supervised/_label_propagation.py;515;21;108;11;3;2.0;3.67;1;0;19;13;0
./scikit-learn/sklearn/semi_supervised/_self_training.py;343;14;74;9;1;2.56;7.0;1;0;18;12;0
./scikit-learn/sklearn/semi_supervised/tests/__init__.py;0;0;0;0;0;0.0;0.0;0;0;1;0;0
./scikit-learn/sklearn/semi_supervised/tests/test_label_propagation.py;195;12;43;12;0;2.42;0.0;0;0;7;11;0
./scikit-learn/sklearn/semi_supervised/tests/test_self_training.py;269;42;76;16;0;0.5;0.0;0;0;12;9;0
./scikit-learn/sklearn/mixture/__init__.py;6;0;2;0;0;0.0;0.0;0;0;1;3;1
./scikit-learn/sklearn/mixture/_gaussian_mixture.py;727;20;185;29;1;2.69;13.0;7;2;47;14;0
./scikit-learn/sklearn/mixture/_base.py;465;12;100;23;1;2.7;22.0;3;0;34;14;0
./scikit-learn/sklearn/mixture/_bayesian_mixture.py;729;33;160;22;1;2.45;20.0;1;0;17;14;0
./scikit-learn/sklearn/mixture/tests/__init__.py;0;0;0;0;0;0.0;0.0;0;0;1;0;0
./scikit-learn/sklearn/mixture/tests/test_bayesian_mixture.py;392;39;74;14;0;0.21;0.0;0;0;22;16;0
./scikit-learn/sklearn/mixture/tests/test_mixture.py;23;3;7;2;0;1.0;0.0;0;0;2;7;0
./scikit-learn/sklearn/mixture/tests/test_gaussian_mixture.py;1213;95;209;44;1;0.77;1.0;0;0;73;15;0
./scikit-learn/sklearn/decomposition/_fastica.py;642;29;153;17;1;2.65;8.0;2;0;40;12;1
./scikit-learn/sklearn/decomposition/_nmf.py;1942;118;489;35;3;4.29;7.33;11;0;171;15;1
./scikit-learn/sklearn/decomposition/__init__.py;49;0;2;0;0;0.0;0.0;0;0;1;3;1
./scikit-learn/sklearn/decomposition/_kernel_pca.py;478;35;96;10;1;2.2;10.0;3;0;23;12;1
./scikit-learn/sklearn/decomposition/_pca.py;715;111;140;11;1;2.73;9.0;8;0;51;12;1
./scikit-learn/sklearn/decomposition/_dict_learning.py;1891;60;419;33;4;2.73;6.25;2;0;92;14;1
./scikit-learn/sklearn/decomposition/_lda.py;754;38;174;17;1;3.29;15.0;3;0;42;13;1
./scikit-learn/sklearn/decomposition/_sparse_pca.py;447;3;105;10;3;2.3;3.33;0;0;4;9;1
./scikit-learn/sklearn/decomposition/_base.py;166;18;37;7;1;2.0;7.0;0;0;9;11;1
./scikit-learn/sklearn/decomposition/_truncated_svd.py;264;11;57;7;1;2.0;7.0;1;0;10;13;1
./scikit-learn/sklearn/decomposition/_incremental_pca.py;341;9;68;4;1;2.75;4.0;4;0;23;12;0
./scikit-learn/sklearn/decomposition/_factor_analysis.py;369;15;89;12;1;2.08;9.0;1;0;16;12;0
./scikit-learn/sklearn/decomposition/tests/test_factor_analysis.py;96;21;20;2;0;1.0;0.0;0;0;8;10;0
./scikit-learn/sklearn/decomposition/tests/__init__.py;0;0;0;0;0;0.0;0.0;0;0;1;0;0
./scikit-learn/sklearn/decomposition/tests/test_sparse_pca.py;304;28;67;20;0;0.8;0.0;0;0;6;10;1
./scikit-learn/sklearn/decomposition/tests/test_online_lda.py;406;34;71;25;0;1.32;0.0;0;0;15;10;0
./scikit-learn/sklearn/decomposition/tests/test_dict_learning.py;839;59;144;50;0;0.84;0.0;0;0;28;11;0
./scikit-learn/sklearn/decomposition/tests/test_kernel_pca.py;451;62;115;24;0;0.33;0.0;0;0;22;14;0
./scikit-learn/sklearn/decomposition/tests/test_pca.py;959;126;187;48;0;1.6;0.0;0;0;31;11;1
./scikit-learn/sklearn/decomposition/tests/test_nmf.py;903;89;160;42;0;1.19;0.0;0;0;51;13;1
./scikit-learn/sklearn/decomposition/tests/test_fastica.py;377;57;75;16;0;1.38;0.0;0;0;36;11;1
./scikit-learn/sklearn/decomposition/tests/test_truncated_svd.py;163;15;49;13;0;2.08;0.0;0;0;7;9;0
./scikit-learn/sklearn/decomposition/tests/test_incremental_pca.py;377;59;89;21;0;0.1;0.0;0;0;21;9;1
./scikit-learn/sklearn/datasets/__init__.py;148;1;17;1;0;1.0;0.0;2;1;3;7;1
./scikit-learn/sklearn/datasets/_openml.py;981;55;175;22;1;2.86;0.0;21;8;81;13;0
./scikit-learn/sklearn/datasets/_kddcup99.py;354;9;72;3;0;2.0;0.0;3;2;20;12;0
./scikit-learn/sklearn/datasets/_lfw.py;536;49;108;6;0;3.17;0.0;7;2;37;12;1
./scikit-learn/sklearn/datasets/_base.py;1221;9;262;18;0;1.0;0.0;4;2;49;13;0
./scikit-learn/sklearn/datasets/_twenty_newsgroups.py;515;12;110;6;0;1.17;0.0;2;2;30;11;0
./scikit-learn/sklearn/datasets/_species_distributions.py;240;16;59;4;0;1.25;0.0;1;0;11;12;0
./scikit-learn/sklearn/datasets/_covtype.py;210;10;43;1;0;0.0;0.0;1;1;14;10;0
./scikit-learn/sklearn/datasets/_california_housing.py;196;10;52;1;0;0.0;0.0;1;0;7;9;1
./scikit-learn/sklearn/datasets/_svmlight_format_io.py;507;23;95;7;0;2.86;0.0;9;0;60;12;1
./scikit-learn/sklearn/datasets/_olivetti_faces.py;149;8;35;1;0;0.0;0.0;1;0;6;9;0
./scikit-learn/sklearn/datasets/_arff_parser.py;455;46;85;8;0;3.62;0.0;5;1;40;16;1
./scikit-learn/sklearn/datasets/_rcv1.py;278;24;56;3;0;1.0;0.0;1;0;26;11;0
./scikit-learn/sklearn/datasets/_samples_generator.py;1918;60;440;23;0;1.43;0.0;10;1;78;13;1
./scikit-learn/sklearn/datasets/tests/__init__.py;0;0;0;0;0;0.0;0.0;0;0;1;0;0
./scikit-learn/sklearn/datasets/tests/test_base.py;320;19;73;27;1;1.44;2.0;0;2;18;13;0
./scikit-learn/sklearn/datasets/tests/test_olivetti_faces.py;19;1;7;1;0;1.0;0.0;0;0;2;8;0
./scikit-learn/sklearn/datasets/tests/test_svmlight_format.py;494;51;122;31;0;0.42;0.0;0;0;37;12;0
./scikit-learn/sklearn/datasets/tests/test_california_housing.py;28;3;10;3;0;1.33;0.0;0;0;2;7;1
./scikit-learn/sklearn/datasets/tests/test_samples_generator.py;584;15;122;33;0;0.27;0.0;0;0;37;17;1
./scikit-learn/sklearn/datasets/tests/test_rcv1.py;55;9;16;1;0;2.0;0.0;0;0;3;10;0
./scikit-learn/sklearn/datasets/tests/test_covtype.py;38;2;17;3;0;1.67;0.0;0;0;2;9;1
./scikit-learn/sklearn/datasets/tests/test_20news.py;114;16;29;7;0;1.14;0.0;0;0;11;10;1
./scikit-learn/sklearn/datasets/tests/test_common.py;108;6;28;9;0;1.67;0.0;0;2;16;12;1
./scikit-learn/sklearn/datasets/tests/test_kddcup99.py;70;0;19;6;0;2.0;0.0;0;0;4;8;0
./scikit-learn/sklearn/datasets/tests/test_lfw.py;184;21;45;8;0;1.0;0.0;0;0;9;11;0
./scikit-learn/sklearn/datasets/tests/test_arff_parser.py;251;4;33;5;0;1.0;0.0;0;0;6;9;1
./scikit-learn/sklearn/datasets/tests/test_openml.py;1454;104;204;61;1;2.28;7.0;8;1;61;27;1
./scikit-learn/sklearn/datasets/tests/data/__init__.py;0;0;0;0;0;0.0;0.0;0;0;1;0;0
./scikit-learn/sklearn/datasets/tests/data/openml/__init__.py;0;0;0;0;0;0.0;0.0;0;0;1;0;0
./scikit-learn/sklearn/datasets/tests/data/openml/id_1/__init__.py;0;0;0;0;0;0.0;0.0;0;0;1;0;0
./scikit-learn/sklearn/datasets/tests/data/openml/id_40945/__init__.py;0;0;0;0;0;0.0;0.0;0;0;1;0;0
./scikit-learn/sklearn/datasets/tests/data/openml/id_42585/__init__.py;0;0;0;0;0;0.0;0.0;0;0;1;0;0
./scikit-learn/sklearn/datasets/tests/data/openml/id_561/__init__.py;0;0;0;0;0;0.0;0.0;0;0;1;0;0
./scikit-learn/sklearn/datasets/tests/data/openml/id_1590/__init__.py;0;0;0;0;0;0.0;0.0;0;0;1;0;0
./scikit-learn/sklearn/datasets/tests/data/openml/id_62/__init__.py;0;0;0;0;0;0.0;0.0;0;0;1;0;0
./scikit-learn/sklearn/datasets/tests/data/openml/id_292/__init__.py;0;0;0;0;0;0.0;0.0;0;0;1;0;0
./scikit-learn/sklearn/datasets/tests/data/openml/id_40589/__init__.py;0;0;0;0;0;0.0;0.0;0;0;1;0;0
./scikit-learn/sklearn/datasets/tests/data/openml/id_1119/__init__.py;0;0;0;0;0;0.0;0.0;0;0;1;0;0
./scikit-learn/sklearn/datasets/tests/data/openml/id_40966/__init__.py;0;0;0;0;0;0.0;0.0;0;0;1;0;0
./scikit-learn/sklearn/datasets/tests/data/openml/id_3/__init__.py;0;0;0;0;0;0.0;0.0;0;0;1;0;0
./scikit-learn/sklearn/datasets/tests/data/openml/id_61/__init__.py;0;0;0;0;0;0.0;0.0;0;0;1;0;0
./scikit-learn/sklearn/datasets/tests/data/openml/id_40675/__init__.py;0;0;0;0;0;0.0;0.0;0;0;1;0;0
./scikit-learn/sklearn/datasets/tests/data/openml/id_42074/__init__.py;0;0;0;0;0;0.0;0.0;0;0;1;0;0
./scikit-learn/sklearn/datasets/tests/data/openml/id_2/__init__.py;0;0;0;0;0;0.0;0.0;0;0;1;0;0
./scikit-learn/sklearn/datasets/images/__init__.py;0;0;0;0;0;0.0;0.0;0;0;1;0;0
./scikit-learn/sklearn/datasets/data/__init__.py;0;0;0;0;0;0.0;0.0;0;0;1;0;0
./scikit-learn/sklearn/datasets/descr/__init__.py;0;0;0;0;0;0.0;0.0;0;0;1;0;0
./scikit-learn/sklearn/_loss/__init__.py;28;0;2;0;0;0.0;0.0;0;0;1;3;0
./scikit-learn/sklearn/_loss/loss.py;974;59;204;36;12;3.31;3.0;1;0;71;13;1
./scikit-learn/sklearn/_loss/link.py;207;7;74;15;7;2.67;2.0;1;0;11;10;1
./scikit-learn/sklearn/_loss/tests/__init__.py;0;0;0;0;0;0.0;0.0;0;0;1;0;0
./scikit-learn/sklearn/_loss/tests/test_link.py;94;11;17;4;0;1.0;0.0;0;0;9;9;0
./scikit-learn/sklearn/_loss/tests/test_loss.py;1192;96;130;36;0;2.33;0.0;0;0;74;12;1
./scikit-learn/sklearn/tree/__init__.py;22;0;2;0;0;0.0;0.0;0;0;1;3;1
./scikit-learn/sklearn/tree/_reingold_tilford.py;154;14;34;17;2;2.0;4.5;0;0;40;10;0
./scikit-learn/sklearn/tree/_classes.py;1577;57;362;24;5;2.33;4.8;9;0;77;13;0
./scikit-learn/sklearn/tree/_export.py;993;82;166;22;4;4.23;3.5;4;0;125;15;1
./scikit-learn/sklearn/tree/tests/__init__.py;0;0;0;0;0;0.0;0.0;0;0;1;0;0
./scikit-learn/sklearn/tree/tests/test_tree.py;2200;209;522;106;1;0.95;1.0;0;0;117;12;0
./scikit-learn/sklearn/tree/tests/test_reingold_tilford.py;43;6;6;2;0;1.5;0.0;0;0;5;12;0
./scikit-learn/sklearn/tree/tests/test_monotonic_tree.py;438;84;70;14;0;2.5;0.0;1;0;42;12;0
./scikit-learn/sklearn/tree/tests/test_export.py;475;39;71;11;0;0.55;0.0;0;0;18;14;1
./scikit-learn/sklearn/manifold/__init__.py;19;0;2;0;0;0.0;0.0;0;0;1;3;1
./scikit-learn/sklearn/manifold/_mds.py;540;9;113;6;1;3.5;4.0;2;0;27;14;0
./scikit-learn/sklearn/manifold/_locally_linear.py;730;41;150;10;1;2.8;5.0;6;1;35;14;0
./scikit-learn/sklearn/manifold/_isomap.py;361;13;77;7;1;1.86;7.0;2;0;16;10;0
./scikit-learn/sklearn/manifold/_t_sne.py;1022;80;192;14;1;4.29;8.0;9;0;59;15;0
./scikit-learn/sklearn/manifold/_spectral_embedding.py;671;71;107;10;1;2.0;5.0;3;2;49;14;0
./scikit-learn/sklearn/manifold/tests/__init__.py;0;0;0;0;0;0.0;0.0;0;0;1;0;0
./scikit-learn/sklearn/manifold/tests/test_mds.py;63;5;24;6;0;0.5;0.0;0;0;5;8;0
./scikit-learn/sklearn/manifold/tests/test_isomap.py;278;32;70;16;0;2.0;0.0;0;0;17;11;0
./scikit-learn/sklearn/manifold/tests/test_spectral_embedding.py;474;52;67;16;0;1.56;0.0;0;1;27;10;0
./scikit-learn/sklearn/manifold/tests/test_locally_linear.py;136;19;35;7;0;0.71;0.0;0;0;5;10;0
./scikit-learn/sklearn/manifold/tests/test_t_sne.py;1039;103;168;55;1;0.8;2.0;0;1;44;12;0
./scikit-learn/sklearn/__check_build/__init__.py;43;5;8;1;0;1.0;0.0;1;1;5;10;1
./scikit-learn/sklearn/neighbors/__init__.py;40;0;2;0;0;0.0;0.0;0;0;1;3;1
./scikit-learn/sklearn/neighbors/_nca.py;445;28;84;8;1;2.5;8.0;5;0;38;16;0
./scikit-learn/sklearn/neighbors/_graph.py;598;9;121;14;2;2.21;5.0;1;0;7;12;0
./scikit-learn/sklearn/neighbors/_lof.py;420;10;96;13;1;1.85;13.0;4;0;10;10;0
./scikit-learn/sklearn/neighbors/_base.py;1178;74;206;19;3;3.05;3.33;21;0;173;15;0
./scikit-learn/sklearn/neighbors/_nearest_centroid.py;177;17;39;3;1;2.33;3.0;3;0;12;10;1
./scikit-learn/sklearn/neighbors/_regression.py;410;14;100;7;2;2.14;3.5;0;0;12;12;0
./scikit-learn/sklearn/neighbors/_unsupervised.py;143;1;33;2;1;2.0;2.0;0;0;1;8;0
./scikit-learn/sklearn/neighbors/_kde.py;310;15;56;7;1;2.43;7.0;2;0;15;14;0
./scikit-learn/sklearn/neighbors/_classification.py;696;42;143;11;2;2.09;5.0;6;0;63;13;0
./scikit-learn/sklearn/neighbors/tests/test_ball_tree.py;153;9;47;12;0;1.75;0.0;0;0;8;11;0
./scikit-learn/sklearn/neighbors/tests/test_graph.py;81;5;20;4;0;0.5;0.0;0;0;3;10;0
./scikit-learn/sklearn/neighbors/tests/__init__.py;0;0;0;0;0;0.0;0.0;0;0;1;0;0
./scikit-learn/sklearn/neighbors/tests/test_nearest_centroid.py;127;18;34;9;0;0.22;0.0;0;0;5;10;1
./scikit-learn/sklearn/neighbors/tests/test_nca.py;460;52;100;26;2;1.08;2.0;0;0;20;11;0
./scikit-learn/sklearn/neighbors/tests/test_neighbors_tree.py;226;8;70;13;0;3.62;0.0;1;0;13;19;0
./scikit-learn/sklearn/neighbors/tests/test_quad_tree.py;109;24;35;5;0;0.6;0.0;0;0;6;11;0
./scikit-learn/sklearn/neighbors/tests/test_neighbors.py;1947;186;437;89;0;1.91;0.0;0;0;147;14;0
./scikit-learn/sklearn/neighbors/tests/test_kde.py;204;24;48;12;0;1.92;0.0;1;0;32;19;0
./scikit-learn/sklearn/neighbors/tests/test_lof.py;285;42;76;15;0;1.2;0.0;0;0;13;10;0
./scikit-learn/sklearn/neighbors/tests/test_neighbors_pipeline.py;212;19;44;8;0;0.0;0.0;0;0;3;9;0
./scikit-learn/sklearn/neighbors/tests/test_kd_tree.py;78;10;22;5;0;1.2;0.0;0;0;4;9;0
./scikit-learn/sklearn/metrics/__init__.py;179;0;2;0;0;0.0;0.0;0;0;1;3;1
./scikit-learn/sklearn/metrics/_scorer.py;872;17;167;26;4;1.96;4.25;16;5;67;13;0
./scikit-learn/sklearn/metrics/_base.py;158;15;42;2;0;4.5;0.0;2;0;18;11;0
./scikit-learn/sklearn/metrics/_regression.py;1547;52;304;20;0;2.5;0.0;13;0;75;15;0
./scikit-learn/sklearn/metrics/_ranking.py;1718;78;333;20;0;2.85;0.0;38;0;121;13;0
./scikit-learn/sklearn/metrics/pairwise.py;2094;117;461;36;0;2.56;0.0;12;0;160;12;1
./scikit-learn/sklearn/metrics/_classification.py;2847;79;509;25;0;2.36;0.0;30;3;156;13;1
./scikit-learn/sklearn/metrics/tests/__init__.py;0;0;0;0;0;0.0;0.0;0;0;1;0;0
./scikit-learn/sklearn/metrics/tests/test_ranking.py;1953;174;321;86;0;1.16;0.0;0;0;103;14;0
./scikit-learn/sklearn/metrics/tests/test_common.py;1611;146;266;48;0;1.71;0.0;3;0;79;11;0
./scikit-learn/sklearn/metrics/tests/test_classification.py;2615;255;481;102;0;0.68;0.0;0;2;143;12;1
./scikit-learn/sklearn/metrics/tests/test_dist_metrics.py;333;39;89;19;0;1.89;0.0;0;0;28;15;0
./scikit-learn/sklearn/metrics/tests/test_score_objects.py;1322;122;250;63;6;1.24;1.33;1;2;58;10;0
./scikit-learn/sklearn/metrics/tests/test_pairwise.py;1393;197;275;69;0;1.39;0.0;0;1;51;14;0
./scikit-learn/sklearn/metrics/tests/test_pairwise_distances_reduction.py;1435;103;208;23;0;3.0;0.0;2;1;82;11;0
./scikit-learn/sklearn/metrics/tests/test_regression.py;581;53;90;17;0;0.47;0.0;0;0;28;14;0
./scikit-learn/sklearn/metrics/_plot/__init__.py;0;0;0;0;0;0.0;0.0;0;0;1;0;0
./scikit-learn/sklearn/metrics/_plot/regression.py;328;2;78;4;1;2.5;4.0;3;0;15;11;0
./scikit-learn/sklearn/metrics/_plot/roc_curve.py;342;0;77;4;1;2.5;4.0;0;0;12;10;0
./scikit-learn/sklearn/metrics/_plot/precision_recall_curve.py;415;0;89;4;1;3.0;4.0;1;0;13;10;0
./scikit-learn/sklearn/metrics/_plot/det_curve.py;273;0;59;4;1;2.5;4.0;0;0;5;10;0
./scikit-learn/sklearn/metrics/_plot/confusion_matrix.py;393;1;89;4;1;2.5;4.0;1;0;17;12;0
./scikit-learn/sklearn/metrics/_plot/tests/__init__.py;0;0;0;0;0;0.0;0.0;0;0;1;0;0
./scikit-learn/sklearn/metrics/_plot/tests/test_precision_recall_display.py;301;29;60;9;0;2.56;0.0;0;0;16;9;0
./scikit-learn/sklearn/metrics/_plot/tests/test_det_curve_display.py;87;6;19;2;0;4.0;0.0;0;0;7;9;0
./scikit-learn/sklearn/metrics/_plot/tests/test_predict_error_display.py;140;1;21;7;0;3.14;0.0;0;0;10;10;0
./scikit-learn/sklearn/metrics/_plot/tests/test_confusion_matrix_display.py;304;16;76;10;0;1.9;0.0;0;0;22;11;0
./scikit-learn/sklearn/metrics/_plot/tests/test_common_curve_display.py;229;12;40;11;2;3.09;0.5;0;0;15;11;0
./scikit-learn/sklearn/metrics/_plot/tests/test_roc_curve_display.py;268;11;47;7;0;3.57;0.0;0;0;21;10;0
./scikit-learn/sklearn/metrics/_pairwise_distances_reduction/__init__.py;109;93;3;0;0;0.0;0.0;0;0;1;3;0
./scikit-learn/sklearn/metrics/_pairwise_distances_reduction/_dispatcher.py;648;20;116;12;5;4.67;1.8;7;0;36;11;0
./scikit-learn/sklearn/metrics/cluster/__init__.py;50;0;3;0;0;0.0;0.0;0;0;1;3;1
./scikit-learn/sklearn/metrics/cluster/_bicluster.py;84;0;23;4;0;2.75;0.0;0;0;2;9;0
./scikit-learn/sklearn/metrics/cluster/_supervised.py;1022;49;276;15;0;2.0;0.0;4;0;39;12;1
./scikit-learn/sklearn/metrics/cluster/_unsupervised.py;384;11;82;6;0;2.33;0.0;4;0;20;11;0
./scikit-learn/sklearn/metrics/cluster/tests/__init__.py;0;0;0;0;0;0.0;0.0;0;0;1;0;0
./scikit-learn/sklearn/metrics/cluster/tests/test_bicluster.py;45;1;11;3;0;0.0;0.0;0;0;1;7;0
./scikit-learn/sklearn/metrics/cluster/tests/test_common.py;190;30;29;9;0;1.44;0.0;0;0;9;12;0
./scikit-learn/sklearn/metrics/cluster/tests/test_supervised.py;401;47;81;29;0;0.38;0.0;0;0;19;15;0
./scikit-learn/sklearn/metrics/cluster/tests/test_unsupervised.py;358;36;55;15;0;0.53;0.0;0;0;12;9;0
./scikit-learn/sklearn/ensemble/__init__.py;43;0;2;0;0;0.0;0.0;0;0;1;3;1
./scikit-learn/sklearn/ensemble/_iforest.py;459;37;109;13;1;1.92;12.0;1;0;13;12;0
./scikit-learn/sklearn/ensemble/_base.py;244;15;61;15;2;1.93;6.0;5;2;25;12;1
./scikit-learn/sklearn/ensemble/_weight_boosting.py;1016;78;258;26;3;2.88;8.33;5;1;46;13;1
./scikit-learn/sklearn/ensemble/_bagging.py;1079;57;256;32;3;2.66;7.67;6;0;67;13;1
./scikit-learn/sklearn/ensemble/_forest.py;2451;66;531;41;8;2.63;4.5;11;0;99;12;1
./scikit-learn/sklearn/ensemble/_gb.py;1844;131;324;46;4;2.89;9.5;12;4;104;14;1
./scikit-learn/sklearn/ensemble/_voting.py;613;23;140;21;3;2.05;7.0;6;1;26;12;1
./scikit-learn/sklearn/ensemble/_stacking.py;857;40;163;27;3;2.19;8.33;6;2;39;13;1
./scikit-learn/sklearn/ensemble/tests/__init__.py;0;0;0;0;0;0.0;0.0;0;0;1;0;0
./scikit-learn/sklearn/ensemble/tests/test_base.py;87;10;22;5;2;0.4;1.0;0;0;2;10;0
./scikit-learn/sklearn/ensemble/tests/test_bagging.py;789;76;187;43;5;0.67;1.4;0;0;25;12;1
./scikit-learn/sklearn/ensemble/tests/test_common.py;238;21;24;5;0;2.8;0.0;0;0;12;11;1
./scikit-learn/sklearn/ensemble/tests/test_voting.py;661;22;127;30;2;1.13;1.0;1;1;20;12;1
./scikit-learn/sklearn/ensemble/tests/test_gradient_boosting.py;1403;152;308;69;0;0.86;0.0;0;1;39;10;1
./scikit-learn/sklearn/ensemble/tests/test_stacking.py;777;53;113;28;3;2.07;1.33;0;0;28;11;1
./scikit-learn/sklearn/ensemble/tests/test_iforest.py;283;34;80;19;0;0.89;0.0;0;0;11;12;0
./scikit-learn/sklearn/ensemble/tests/test_weight_boosting.py;567;99;138;29;4;1.0;1.25;0;0;20;11;0
./scikit-learn/sklearn/ensemble/tests/test_forest.py;1510;142;346;71;1;1.13;2.0;0;0;83;16;0
./scikit-learn/sklearn/ensemble/_hist_gradient_boosting/__init__.py;4;0;1;0;0;0.0;0.0;0;0;1;2;0
./scikit-learn/sklearn/ensemble/_hist_gradient_boosting/predictor.py;122;11;23;7;1;3.0;7.0;0;1;3;10;1
./scikit-learn/sklearn/ensemble/_hist_gradient_boosting/gradient_boosting.py;2008;155;289;43;3;2.58;13.33;15;3;153;14;1
./scikit-learn/sklearn/ensemble/_hist_gradient_boosting/binning.py;276;18;47;5;1;3.0;4.0;4;0;21;11;1
./scikit-learn/sklearn/ensemble/_hist_gradient_boosting/utils.py;124;10;22;1;0;3.0;0.0;3;0;20;9;1
./scikit-learn/sklearn/ensemble/_hist_gradient_boosting/grower.py;718;53;88;15;2;3.53;7.0;5;0;46;11;1
./scikit-learn/sklearn/ensemble/_hist_gradient_boosting/tests/test_monotonic_contraints.py;381;92;65;13;0;1.15;0.0;0;0;35;12;1
./scikit-learn/sklearn/ensemble/_hist_gradient_boosting/tests/__init__.py;0;0;0;0;0;0.0;0.0;0;0;1;0;0
./scikit-learn/sklearn/ensemble/_hist_gradient_boosting/tests/test_histogram.py;210;8;29;4;0;0.75;0.0;0;0;10;9;0
./scikit-learn/sklearn/ensemble/_hist_gradient_boosting/tests/test_binning.py;390;35;99;22;0;1.09;0.0;0;0;13;14;0
./scikit-learn/sklearn/ensemble/_hist_gradient_boosting/tests/test_splitting.py;972;220;98;10;0;2.2;0.0;0;0;14;10;0
./scikit-learn/sklearn/ensemble/_hist_gradient_boosting/tests/test_grower.py;536;76;114;17;0;1.35;0.0;0;0;31;11;0
./scikit-learn/sklearn/ensemble/_hist_gradient_boosting/tests/test_predictor.py;152;19;35;3;0;1.67;0.0;0;0;2;10;0
./scikit-learn/sklearn/ensemble/_hist_gradient_boosting/tests/test_gradient_boosting.py;1415;256;269;61;1;1.31;2.0;0;1;44;12;1
./scikit-learn/sklearn/ensemble/_hist_gradient_boosting/tests/test_bitset.py;56;0;8;2;0;2.5;0.0;0;0;7;9;0
./scikit-learn/sklearn/ensemble/_hist_gradient_boosting/tests/test_warm_start.py;196;33;35;9;0;3.0;0.0;0;0;10;11;0
./scikit-learn/sklearn/ensemble/_hist_gradient_boosting/tests/test_compare_lightgbm.py;237;44;42;3;0;4.33;0.0;0;0;16;12;0
./scikit-learn/sklearn/linear_model/_omp.py;936;21;185;10;2;3.4;2.5;5;0;92;12;0
./scikit-learn/sklearn/linear_model/__init__.py;97;3;3;0;0;0.0;0.0;0;0;1;3;1
./scikit-learn/sklearn/linear_model/_perceptron.py;181;2;48;1;1;1.0;1.0;0;0;1;8;0
./scikit-learn/sklearn/linear_model/_coordinate_descent.py;2630;140;582;39;9;2.41;3.78;12;0;131;13;1
./scikit-learn/sklearn/linear_model/_sag.py;307;16;64;2;0;10.0;0.0;2;0;21;9;0
./scikit-learn/sklearn/linear_model/_linear_loss.py;592;68;80;12;1;4.75;10.0;1;0;45;14;0
./scikit-learn/sklearn/linear_model/_passive_aggressive.py;465;2;110;6;2;3.17;3.0;1;0;8;8;0
./scikit-learn/sklearn/linear_model/_logistic.py;1964;113;323;14;2;3.79;5.0;14;0;159;15;0
./scikit-learn/sklearn/linear_model/_base.py;689;54;156;21;4;2.52;3.0;1;0;57;15;1
./scikit-learn/sklearn/linear_model/_theil_sen.py;374;10;82;7;1;2.57;3.0;3;0;16;11;0
./scikit-learn/sklearn/linear_model/_huber.py;288;20;64;3;1;3.67;2.0;1;0;11;11;0
./scikit-learn/sklearn/linear_model/_stochastic_gradient.py;2280;72;387;47;7;4.7;6.29;15;0;135;13;0
./scikit-learn/sklearn/linear_model/_least_angle.py;1929;92;413;19;5;3.63;2.8;6;0;118;13;1
./scikit-learn/sklearn/linear_model/_ridge.py;2374;105;517;70;12;3.24;4.08;16;3;195;14;0
./scikit-learn/sklearn/linear_model/_ransac.py;603;31;123;7;1;2.29;6.0;5;1;42;16;0
./scikit-learn/sklearn/linear_model/_bayes.py;635;43;149;11;2;4.55;5.0;0;0;25;13;1
./scikit-learn/sklearn/linear_model/_quantile.py;263;36;45;2;1;2.5;2.0;3;0;21;14;0
./scikit-learn/sklearn/linear_model/tests/test_theil_sen.py;250;31;44;20;0;0.25;0.0;0;0;8;10;0
./scikit-learn/sklearn/linear_model/tests/__init__.py;0;0;0;0;0;0.0;0.0;0;0;1;0;0
./scikit-learn/sklearn/linear_model/tests/test_perceptron.py;65;2;23;8;1;1.25;4.0;0;0;6;11;0
./scikit-learn/sklearn/linear_model/tests/test_base.py;635;70;154;25;0;1.36;0.0;0;0;45;10;1
./scikit-learn/sklearn/linear_model/tests/test_bayes.py;231;44;68;17;0;0.65;0.0;0;0;5;10;0
./scikit-learn/sklearn/linear_model/tests/test_ridge.py;1898;161;371;80;0;2.01;0.0;0;0;141;12;0
./scikit-learn/sklearn/linear_model/tests/test_ransac.py;437;35;108;31;0;0.68;0.0;0;0;13;9;0
./scikit-learn/sklearn/linear_model/tests/test_sgd.py;1817;215;420;111;3;1.15;3.33;0;0;63;11;0
./scikit-learn/sklearn/linear_model/tests/test_common.py;135;21;12;1;0;3.0;0.0;0;0;14;11;0
./scikit-learn/sklearn/linear_model/tests/test_sparse_coordinate_descent.py;322;29;62;14;0;2.0;0.0;0;0;8;11;0
./scikit-learn/sklearn/linear_model/tests/test_passive_aggressive.py;223;10;55;17;1;1.65;3.0;0;0;25;14;0
./scikit-learn/sklearn/linear_model/tests/test_sag.py;811;38;136;24;0;2.0;0.0;1;0;43;14;0
./scikit-learn/sklearn/linear_model/tests/test_least_angle.py;720;124;150;41;0;0.49;0.0;0;0;35;12;0
./scikit-learn/sklearn/linear_model/tests/test_linear_loss.py;316;21;41;7;0;3.57;0.0;0;0;15;12;0
./scikit-learn/sklearn/linear_model/tests/test_omp.py;222;13;51;21;0;0.14;0.0;0;0;4;10;0
./scikit-learn/sklearn/linear_model/tests/test_logistic.py;1861;240;346;72;1;0.94;2.0;0;0;102;11;0
./scikit-learn/sklearn/linear_model/tests/test_coordinate_descent.py;1346;161;287;69;3;0.88;1.0;1;0;77;12;0
./scikit-learn/sklearn/linear_model/tests/test_quantile.py;266;29;40;14;0;1.86;0.0;0;0;11;10;0
./scikit-learn/sklearn/linear_model/tests/test_huber.py;171;26;45;13;0;0.46;0.0;0;0;3;9;0
./scikit-learn/sklearn/linear_model/_glm/__init__.py;14;2;1;0;0;0.0;0.0;0;0;1;3;1
./scikit-learn/sklearn/linear_model/_glm/_newton_solver.py;444;61;79;12;2;3.75;6.0;0;1;33;13;1
./scikit-learn/sklearn/linear_model/_glm/glm.py;745;53;157;13;4;1.62;3.25;3;1;20;13;1
./scikit-learn/sklearn/linear_model/_glm/tests/__init__.py;2;2;0;0;0;0.0;0.0;0;0;1;0;1
./scikit-learn/sklearn/linear_model/_glm/tests/test_glm.py;977;152;132;25;1;2.24;1.0;0;0;78;12;1
./scikit-learn/sklearn/cross_decomposition/_pls.py;926;74;227;22;5;2.86;3.0;6;2;40;12;1
./scikit-learn/sklearn/cross_decomposition/__init__.py;2;0;1;0;0;0.0;0.0;0;0;1;3;1
./scikit-learn/sklearn/cross_decomposition/tests/__init__.py;0;0;0;0;0;0.0;0.0;0;0;1;0;0
./scikit-learn/sklearn/cross_decomposition/tests/test_pls.py;591;54;148;27;0;0.78;0.0;0;0;17;11;1
./scikit-learn/sklearn/compose/__init__.py;16;0;4;0;0;0.0;0.0;0;0;1;3;1
./scikit-learn/sklearn/compose/_column_transformer.py;1415;70;239;40;3;1.95;11.67;13;8;129;15;1
./scikit-learn/sklearn/compose/_target.py;291;18;61;6;1;1.83;6.0;4;1;31;11;0
./scikit-learn/sklearn/compose/tests/test_column_transformer.py;2337;126;406;109;10;1.21;2.4;2;0;71;13;1
./scikit-learn/sklearn/compose/tests/__init__.py;0;0;0;0;0;0.0;0.0;0;0;1;0;0
./scikit-learn/sklearn/compose/tests/test_target.py;327;40;68;32;5;1.38;2.2;0;0;10;12;0
./scikit-learn/sklearn/inspection/__init__.py;11;0;2;0;0;0.0;0.0;0;0;1;3;1
./scikit-learn/sklearn/inspection/_partial_dependence.py;617;52;104;4;0;4.0;0.0;20;2;74;11;1
./scikit-learn/sklearn/inspection/_pd_utils.py;55;3;9;2;0;2.0;0.0;3;1;10;11;0
./scikit-learn/sklearn/inspection/_permutation_importance.py;262;12;47;4;0;4.75;0.0;1;0;11;13;0
./scikit-learn/sklearn/inspection/tests/test_pd_utils.py;38;0;9;4;0;2.0;0.0;0;0;3;8;0
./scikit-learn/sklearn/inspection/tests/__init__.py;0;0;0;0;0;0.0;0.0;0;0;1;0;0
./scikit-learn/sklearn/inspection/tests/test_permutation_importance.py;445;100;95;14;0;1.21;0.0;0;1;8;12;1
./scikit-learn/sklearn/inspection/tests/test_partial_dependence.py;798;87;131;29;1;1.52;1.0;0;1;27;10;1
./scikit-learn/sklearn/inspection/_plot/__init__.py;0;0;0;0;0;0.0;0.0;0;0;1;0;0
./scikit-learn/sklearn/inspection/_plot/partial_dependence.py;1283;59;190;8;1;6.38;8.0;21;1;119;12;0
./scikit-learn/sklearn/inspection/_plot/decision_boundary.py;342;8;70;4;1;3.0;3.0;10;1;41;12;1
./scikit-learn/sklearn/inspection/_plot/tests/__init__.py;0;0;0;0;0;0.0;0.0;0;0;1;0;0
./scikit-learn/sklearn/inspection/_plot/tests/test_boundary_decision_display.py;513;27;100;24;4;2.0;0.25;0;0;17;9;1
./scikit-learn/sklearn/inspection/_plot/tests/test_plot_partial_dependence.py;991;37;149;30;1;3.57;0.0;0;0;36;12;0
./scikit-learn/sklearn/covariance/__init__.py;42;0;2;0;0;0.0;0.0;0;0;1;3;1
./scikit-learn/sklearn/covariance/_empirical_covariance.py;299;15;65;9;1;2.22;7.0;1;0;13;11;0
./scikit-learn/sklearn/covariance/_graph_lasso.py;962;50;174;12;3;3.25;2.0;3;2;51;14;1
./scikit-learn/sklearn/covariance/_robust_covariance.py;756;62;113;8;1;4.25;4.0;2;1;35;12;1
./scikit-learn/sklearn/covariance/_shrunk_covariance.py;662;51;154;11;3;1.82;1.67;0;0;23;12;1
./scikit-learn/sklearn/covariance/_elliptic_envelope.py;216;3;51;6;1;2.33;6.0;0;0;1;8;0
./scikit-learn/sklearn/covariance/tests/__init__.py;0;0;0;0;0;0.0;0.0;0;0;1;0;0
./scikit-learn/sklearn/covariance/tests/test_robust_covariance.py;142;45;29;8;0;1.25;0.0;0;0;6;10;0
./scikit-learn/sklearn/covariance/tests/test_graphical_lasso.py;274;18;44;12;0;1.0;0.0;0;0;11;10;1
./scikit-learn/sklearn/covariance/tests/test_elliptic_envelope.py;45;0;7;2;0;0.5;0.0;0;0;3;10;0
./scikit-learn/sklearn/covariance/tests/test_covariance.py;318;59;59;10;0;0.3;0.0;0;0;8;10;0
./scikit-learn/sklearn/externals/__init__.py;3;0;2;0;0;0.0;0.0;0;0;1;2;0
./scikit-learn/sklearn/externals/_arff.py;890;95;217;45;23;1.98;1.39;41;10;128;14;0
./scikit-learn/sklearn/externals/conftest.py;6;4;0;1;0;2.0;0.0;0;0;1;3;0
./scikit-learn/sklearn/externals/_scipy/__init__.py;0;0;0;0;0;0.0;0.0;0;0;1;0;0
./scikit-learn/sklearn/externals/_scipy/sparse/__init__.py;0;0;0;0;0;0.0;0.0;0;0;1;0;0
./scikit-learn/sklearn/externals/_scipy/sparse/csgraph/__init__.py;1;0;0;0;0;0.0;0.0;0;0;1;2;0
./scikit-learn/sklearn/externals/_scipy/sparse/csgraph/_laplacian.py;455;5;102;11;0;4.27;0.0;6;0;45;12;0
./scikit-learn/sklearn/externals/_packaging/__init__.py;0;0;0;0;0;0.0;0.0;0;0;1;0;0
./scikit-learn/sklearn/externals/_packaging/_structures.py;62;19;28;18;2;1.67;9.0;0;0;1;8;0
./scikit-learn/sklearn/externals/_packaging/version.py;417;74;118;44;4;1.32;9.5;1;1;60;14;0
./scikit-learn/sklearn/preprocessing/__init__.py;61;0;2;0;0;0.0;0.0;0;0;1;3;1
./scikit-learn/sklearn/preprocessing/_discretization.py;375;15;90;6;1;2.33;6.0;4;0;32;14;0
./scikit-learn/sklearn/preprocessing/_target_encoder.py;456;10;75;10;1;3.8;10.0;1;0;17;11;0
./scikit-learn/sklearn/preprocessing/_function_transformer.py;346;12;70;12;1;2.0;11.0;3;0;37;14;0
./scikit-learn/sklearn/preprocessing/_label.py;775;27;176;22;3;1.86;6.33;20;1;85;11;0
./scikit-learn/sklearn/preprocessing/_encoders.py;1403;89;276;24;3;2.5;8.0;21;0;179;15;0
./scikit-learn/sklearn/preprocessing/_polynomial.py;1028;116;145;14;2;2.93;6.5;14;0;125;16;0
./scikit-learn/sklearn/preprocessing/_data.py;2960;132;664;74;9;2.18;6.89;17;0;172;14;0
./scikit-learn/sklearn/preprocessing/tests/__init__.py;0;0;0;0;0;0.0;0.0;0;0;1;0;0
./scikit-learn/sklearn/preprocessing/tests/test_function_transformer.py;462;30;117;35;0;0.94;0.0;0;0;20;11;0
./scikit-learn/sklearn/preprocessing/tests/test_target_encoder.py;603;105;111;14;0;2.29;0.0;0;0;31;12;0
./scikit-learn/sklearn/preprocessing/tests/test_label.py;580;50;119;32;0;0.56;0.0;0;0;50;11;0
./scikit-learn/sklearn/preprocessing/tests/test_polynomial.py;1108;79;150;39;0;2.46;0.0;0;0;76;12;1
./scikit-learn/sklearn/preprocessing/tests/test_common.py;165;18;22;3;0;3.0;0.0;0;0;13;12;0
./scikit-learn/sklearn/preprocessing/tests/test_data.py;2111;276;499;102;0;0.89;0.0;0;0;149;12;0
./scikit-learn/sklearn/preprocessing/tests/test_encoders.py;1893;107;445;95;0;0.89;0.0;0;0;56;14;0
./scikit-learn/sklearn/preprocessing/tests/test_discretization.py;422;36;78;23;0;1.26;0.0;0;0;21;14;0
./scikit-learn/sklearn/feature_extraction/text.py;1765;60;356;50;5;1.96;8.4;23;3;138;15;1
./scikit-learn/sklearn/feature_extraction/__init__.py;17;0;2;0;0;0.0;0.0;0;0;1;3;1
./scikit-learn/sklearn/feature_extraction/_hash.py;162;4;35;5;1;1.8;4.0;2;0;6;10;0
./scikit-learn/sklearn/feature_extraction/image.py;576;19;105;14;1;2.71;4.0;4;0;33;11;1
./scikit-learn/sklearn/feature_extraction/_dict_vectorizer.py;373;15;79;10;1;2.6;10.0;4;0;51;14;0
./scikit-learn/sklearn/feature_extraction/_stop_words.py;325;3;0;0;0;0.0;0.0;0;0;1;4;0
./scikit-learn/sklearn/feature_extraction/tests/__init__.py;0;0;0;0;0;0.0;0.0;0;0;1;0;0
./scikit-learn/sklearn/feature_extraction/tests/test_image.py;278;22;78;26;0;0.81;0.0;0;0;8;11;0
./scikit-learn/sklearn/feature_extraction/tests/test_feature_hasher.py;120;6;40;10;0;0.1;0.0;0;0;6;9;0
./scikit-learn/sklearn/feature_extraction/tests/test_text.py;1338;136;295;76;1;0.58;1.0;1;0;69;12;1
./scikit-learn/sklearn/feature_extraction/tests/test_dict_vectorizer.py;202;9;60;13;1;0.54;0.0;0;0;15;11;0
./scikit-learn/sklearn/cluster/_bisect_k_means.py;421;22;109;12;2;2.92;6.0;0;0;24;10;1
./scikit-learn/sklearn/cluster/__init__.py;54;0;2;0;0;0.0;0.0;0;0;1;3;1
./scikit-learn/sklearn/cluster/_birch.py;615;46;126;21;3;2.0;6.33;1;0;37;11;0
./scikit-learn/sklearn/cluster/_agglomerative.py;1113;89;230;15;2;2.33;3.5;10;1;83;12;1
./scikit-learn/sklearn/cluster/_mean_shift.py;470;27;105;7;1;2.14;3.0;1;0;22;10;1
./scikit-learn/sklearn/cluster/_feature_agglomeration.py;73;8;19;2;1;2.0;2.0;0;0;4;12;1
./scikit-learn/sklearn/cluster/_bicluster.py;519;10;105;18;3;2.61;4.67;5;2;24;12;1
./scikit-learn/sklearn/cluster/_spectral.py;659;29;142;7;1;1.71;4.0;1;1;25;12;1
./scikit-learn/sklearn/cluster/_kmeans.py;1891;108;407;33;3;3.45;8.33;6;0;124;13;1
./scikit-learn/sklearn/cluster/_affinity_propagation.py;500;26;104;10;1;1.4;5.0;2;0;32;13;0
./scikit-learn/sklearn/cluster/_optics.py;1022;60;179;13;1;3.46;2.0;2;0;60;13;1
./scikit-learn/sklearn/cluster/_dbscan.py;396;17;82;5;1;2.6;4.0;0;0;8;10;0
./scikit-learn/sklearn/cluster/tests/test_affinity_propagation.py;251;39;70;18;0;0.83;0.0;0;0;13;9;0
./scikit-learn/sklearn/cluster/tests/__init__.py;0;0;0;0;0;0.0;0.0;0;0;1;0;0
./scikit-learn/sklearn/cluster/tests/test_feature_agglomeration.py;61;6;20;3;0;0.0;0.0;0;0;5;8;1
./scikit-learn/sklearn/cluster/tests/test_bisect_k_means.py;112;10;46;9;0;1.0;0.0;0;0;4;9;0
./scikit-learn/sklearn/cluster/tests/common.py;30;4;7;1;0;5.0;0.0;0;0;2;11;0
./scikit-learn/sklearn/cluster/tests/test_bicluster.py;219;11;45;16;1;1.5;2.0;0;0;21;13;0
./scikit-learn/sklearn/cluster/tests/test_optics.py;755;57;103;23;0;1.04;0.0;0;0;16;11;0
./scikit-learn/sklearn/cluster/tests/test_k_means.py;1108;150;253;61;0;1.8;0.0;0;1;42;12;1
./scikit-learn/sklearn/cluster/tests/test_spectral.py;274;36;61;14;0;0.93;0.0;1;1;14;10;1
./scikit-learn/sklearn/cluster/tests/test_birch.py;194;21;48;15;0;1.4;0.0;0;0;7;9;0
./scikit-learn/sklearn/cluster/tests/test_hierarchical.py;760;99;140;35;1;0.69;2.0;0;0;47;12;1
./scikit-learn/sklearn/cluster/tests/test_dbscan.py;350;56;84;18;0;0.5;0.0;0;0;10;11;0
./scikit-learn/sklearn/cluster/tests/test_mean_shift.py;169;25;46;12;0;1.0;0.0;0;0;4;10;1
./scikit-learn/sklearn/cluster/tests/test_hdbscan.py;500;24;102;29;0;0.69;0.0;0;0;26;12;1
./scikit-learn/sklearn/cluster/_hdbscan/__init__.py;0;0;0;0;0;0.0;0.0;0;0;1;0;0
./scikit-learn/sklearn/cluster/_hdbscan/hdbscan.py;885;87;146;12;1;3.92;6.0;11;1;59;12;1
./scikit-learn/sklearn/cluster/_hdbscan/tests/__init__.py;0;0;0;0;0;0.0;0.0;0;0;1;0;0
./scikit-learn/sklearn/cluster/_hdbscan/tests/test_reachibility.py;48;0;15;4;0;0.75;0.0;0;0;2;8;0
./scikit-learn/sklearn/svm/__init__.py;21;6;4;0;0;0.0;0.0;0;0;1;3;1
./scikit-learn/sklearn/svm/_bounds.py;77;4;18;1;0;2.0;0.0;1;0;4;11;0
./scikit-learn/sklearn/svm/_base.py;1073;72;174;33;2;3.48;15.0;22;1;111;14;0
./scikit-learn/sklearn/svm/_classes.py;1480;11;350;21;7;1.86;2.86;0;2;12;11;0
./scikit-learn/sklearn/svm/tests/__init__.py;0;0;0;0;0;0.0;0.0;0;0;1;0;0
./scikit-learn/sklearn/svm/tests/test_svm.py;1158;183;260;62;0;0.58;0.0;0;0;50;11;0
./scikit-learn/sklearn/svm/tests/test_sparse.py;415;37;78;19;0;1.63;0.0;0;0;13;13;0
./scikit-learn/sklearn/svm/tests/test_bounds.py;113;13;29;8;0;1.88;0.0;0;0;7;10;0
./scikit-learn/sklearn/utils/multiclass.py;472;52;92;10;0;1.4;0.0;13;3;100;13;1
./scikit-learn/sklearn/utils/_array_api.py;651;61;187;44;2;1.73;7.0;13;1;86;16;0
./scikit-learn/sklearn/utils/__init__.py;106;10;16;2;1;1.0;0.0;1;0;4;7;1
./scikit-learn/sklearn/utils/_mocking.py;332;11;78;28;5;2.07;5.2;3;0;35;12;0
./scikit-learn/sklearn/utils/graph.py;141;14;25;2;0;4.0;0.0;2;0;16;11;1
./scikit-learn/sklearn/utils/_encode.py;289;11;78;15;3;1.73;2.0;5;2;74;12;0
./scikit-learn/sklearn/utils/_available_if.py;77;5;16;5;1;2.2;3.0;2;1;4;9;0
./scikit-learn/sklearn/utils/deprecation.py;103;12;32;10;1;1.4;5.0;2;0;14;10;1
./scikit-learn/sklearn/utils/stats.py;56;4;13;1;0;3.0;0.0;0;0;7;10;0
./scikit-learn/sklearn/utils/_response.py;252;8;62;4;0;2.5;0.0;5;0;26;12;0
./scikit-learn/sklearn/utils/_bunch.py;55;9;12;7;1;1.86;7.0;1;1;3;9;0
./scikit-learn/sklearn/utils/metadata_routing.py;20;16;2;0;0;0.0;0.0;0;0;1;2;1
./scikit-learn/sklearn/utils/_missing.py;52;0;13;2;0;1.0;0.0;0;0;5;8;0
./scikit-learn/sklearn/utils/_param_validation.py;694;25;211;57;21;1.53;2.33;16;2;150;14;0
./scikit-learn/sklearn/utils/extmath.py;1162;87;229;21;0;2.05;0.0;4;1;78;11;1
./scikit-learn/sklearn/utils/validation.py;2095;143;422;51;0;1.75;0.0;60;8;355;12;1
./scikit-learn/sklearn/utils/_pprint.py;408;62;55;12;3;5.17;3.0;0;4;86;11;1
./scikit-learn/sklearn/utils/parallel.py;103;5;26;7;2;1.43;2.0;0;0;4;8;1
./scikit-learn/sklearn/utils/_mask.py;140;6;38;5;0;2.2;0.0;1;0;12;9;0
./scikit-learn/sklearn/utils/_set_output.py;353;19;106;27;5;2.22;3.4;6;4;44;10;0
./scikit-learn/sklearn/utils/_indexing.py;526;40;109;12;0;2.33;0.0;19;6;112;12;0
./scikit-learn/sklearn/utils/optimize.py;322;32;57;4;1;7.0;0.0;2;2;41;13;0
./scikit-learn/sklearn/utils/random.py;83;7;20;1;0;4.0;0.0;3;0;8;11;1
./scikit-learn/sklearn/utils/estimator_checks.py;3980;428;752;131;1;2.18;3.0;30;21;571;14;1
./scikit-learn/sklearn/utils/discovery.py;231;22;34;5;0;0.6;0.0;1;0;35;12;1
./scikit-learn/sklearn/utils/fixes.py;339;65;78;16;0;2.06;0.0;6;5;59;11;1
./scikit-learn/sklearn/utils/_plotting.py;77;0;22;5;1;2.4;3.0;1;0;13;11;0
./scikit-learn/sklearn/utils/_show_versions.py;85;2;29;3;0;0.0;0.0;0;1;9;10;0
./scikit-learn/sklearn/utils/_estimator_html_repr.py;430;21;66;12;3;2.42;2.33;0;2;37;13;0
./scikit-learn/sklearn/utils/class_weight.py;187;13;37;2;0;1.5;0.0;6;0;31;13;1
./scikit-learn/sklearn/utils/_testing.py;1012;96;182;49;7;2.29;4.29;21;12;129;22;0
./scikit-learn/sklearn/utils/_user_interface.py;43;2;11;2;0;2.5;0.0;0;0;3;10;0
./scikit-learn/sklearn/utils/metaestimators.py;135;17;30;6;1;2.83;5.0;5;1;25;12;1
./scikit-learn/sklearn/utils/_arpack.py;24;0;6;1;0;2.0;0.0;0;0;1;6;0
./scikit-learn/sklearn/utils/_metadata_requests.py;1287;114;304;66;8;1.45;6.0;18;1;116;13;0
./scikit-learn/sklearn/utils/_optional_dependencies.py;34;2;8;2;0;1.0;0.0;2;2;3;8;0
./scikit-learn/sklearn/utils/_joblib.py;36;3;4;0;0;0.0;0.0;0;0;2;6;0
./scikit-learn/sklearn/utils/_chunking.py;150;0;25;4;0;1.75;0.0;0;0;13;11;0
./scikit-learn/sklearn/utils/sparsefuncs.py;612;15;133;18;0;2.33;0.0;10;0;78;12;1
./scikit-learn/sklearn/utils/_tags.py;59;0;9;1;0;2.0;0.0;1;0;5;11;1
./scikit-learn/sklearn/utils/tests/test_seq_dataset.py;147;9;38;10;0;1.1;0.0;0;0;13;10;0
./scikit-learn/sklearn/utils/tests/test_random.py;148;31;44;9;0;0.89;0.0;1;0;19;13;0
./scikit-learn/sklearn/utils/tests/test_graph.py;60;6;20;5;0;0.0;0.0;0;0;3;8;0
./scikit-learn/sklearn/utils/tests/test_bunch.py;24;2;8;1;0;0.0;0.0;0;0;3;7;0
./scikit-learn/sklearn/utils/tests/__init__.py;0;0;0;0;0;0.0;0.0;0;0;1;0;0
./scikit-learn/sklearn/utils/tests/test_metaestimators.py;47;4;16;6;1;0.67;2.0;0;0;2;9;0
./scikit-learn/sklearn/utils/tests/test_set_output.py;338;27;126;39;15;1.44;1.27;1;0;11;12;0
./scikit-learn/sklearn/utils/tests/test_fixes.py;147;22;15;5;0;2.2;0.0;0;0;2;13;0
./scikit-learn/sklearn/utils/tests/test_utils.py;18;4;9;3;0;0.0;0.0;0;0;5;7;0
./scikit-learn/sklearn/utils/tests/test_missing.py;24;2;3;1;0;2.0;0.0;0;0;1;8;0
./scikit-learn/sklearn/utils/tests/test_testing.py;765;34;158;60;5;1.07;3.0;11;0;74;11;0
./scikit-learn/sklearn/utils/tests/test_sparsefuncs.py;863;37;135;28;0;2.11;0.0;0;1;51;11;0
./scikit-learn/sklearn/utils/tests/test_plotting.py;54;27;9;4;0;1.75;0.0;0;0;1;9;0
./scikit-learn/sklearn/utils/tests/test_fast_dict.py;35;3;12;3;0;0.0;0.0;0;0;3;9;0
./scikit-learn/sklearn/utils/tests/test_estimator_html_repr.py;418;31;100;29;3;0.55;0.67;0;1;16;11;0
./scikit-learn/sklearn/utils/tests/test_show_versions.py;29;0;11;3;0;0.33;0.0;0;0;4;7;0
./scikit-learn/sklearn/utils/tests/test_mask.py;14;0;5;1;0;1.0;0.0;0;0;1;8;0
./scikit-learn/sklearn/utils/tests/test_pprint.py;588;66;92;29;12;4.28;1.5;0;0;5;12;0
./scikit-learn/sklearn/utils/tests/test_cython_templating.py;16;1;6;1;0;0.0;0.0;0;0;3;9;0
./scikit-learn/sklearn/utils/tests/test_typedefs.py;22;0;3;1;0;3.0;0.0;0;0;1;8;0
./scikit-learn/sklearn/utils/tests/test_encode.py;226;11;48;10;0;1.7;0.0;0;0;8;12;0
./scikit-learn/sklearn/utils/tests/test_user_interface.py;56;0;9;2;0;4.5;0.0;0;0;4;8;0
./scikit-learn/sklearn/utils/tests/test_arrayfuncs.py;29;6;11;3;0;1.0;0.0;0;0;1;9;0
./scikit-learn/sklearn/utils/tests/test_optimize.py;140;14;18;6;0;1.17;0.0;0;0;14;13;0
./scikit-learn/sklearn/utils/tests/test_stats.py;74;6;24;7;0;0.0;0.0;0;0;1;9;0
./scikit-learn/sklearn/utils/tests/test_indexing.py;480;31;114;35;1;1.29;2.0;1;1;50;10;0
./scikit-learn/sklearn/utils/tests/test_weight_vector.py;20;0;5;1;0;2.0;0.0;0;0;1;9;0
./scikit-learn/sklearn/utils/tests/test_array_api.py;399;17;107;28;4;1.68;1.75;1;0;25;11;0
./scikit-learn/sklearn/utils/tests/test_extmath.py;891;126;189;44;0;1.02;0.0;0;0;30;12;0
./scikit-learn/sklearn/utils/tests/test_murmurhash.py;51;3;23;6;0;0.0;0.0;0;0;5;9;0
./scikit-learn/sklearn/utils/tests/test_cython_blas.py;170;0;64;14;0;1.71;0.0;0;0;10;10;0
./scikit-learn/sklearn/utils/tests/test_mocking.py;163;4;42;13;0;1.62;0.0;0;0;11;9;0
./scikit-learn/sklearn/utils/tests/test_class_weight.py;261;51;55;13;0;0.69;0.0;0;0;5;10;0
./scikit-learn/sklearn/utils/tests/test_shortest_path.py;44;8;21;3;0;1.0;0.0;0;0;9;11;0
./scikit-learn/sklearn/utils/tests/test_arpack.py;12;2;4;1;0;1.0;0.0;0;0;1;7;0
./scikit-learn/sklearn/utils/tests/test_tags.py;38;3;9;3;2;2.0;0.5;0;0;2;7;1
./scikit-learn/sklearn/utils/tests/test_param_validation.py;645;21;140;55;6;0.93;1.5;0;0;27;10;0
./scikit-learn/sklearn/utils/tests/test_deprecation.py;61;5;27;9;6;0.67;0.83;0;0;7;8;1
./scikit-learn/sklearn/utils/tests/test_parallel.py;80;8;20;6;1;1.5;2.0;0;0;6;10;0
./scikit-learn/sklearn/utils/tests/test_multiclass.py;523;35;90;15;0;0.6;0.0;0;0;51;13;0
./scikit-learn/sklearn/utils/tests/test_validation.py;1769;135;357;106;12;1.02;1.25;1;2;167;11;0
./scikit-learn/sklearn/utils/tests/test_chunking.py;61;1;12;3;0;1.33;0.0;0;0;7;10;0
./scikit-learn/sklearn/utils/tests/test_response.py;329;10;42;13;0;1.46;0.0;0;0;19;10;0
./scikit-learn/sklearn/utils/tests/test_estimator_checks.py;1061;112;226;108;44;1.82;1.84;14;4;114;12;0
./scikit-learn/sklearn/_build_utils/__init__.py;91;18;25;3;0;0.67;0.0;2;1;10;11;1
./scikit-learn/sklearn/_build_utils/pre_build_helpers.py;60;8;15;2;0;1.5;0.0;1;1;8;13;1
./scikit-learn/sklearn/_build_utils/openmp_helpers.py;103;26;24;2;0;0.0;0.0;1;1;14;13;1
./scikit-learn/sklearn/_build_utils/tempita.py;41;2;16;2;0;1.0;0.0;2;0;6;11;0
./scikit-learn/sklearn/_build_utils/version.py;8;1;5;0;0;0.0;0.0;0;0;1;12;1
./scikit-learn/sklearn/feature_selection/_mutual_info.py;485;7;95;7;0;2.71;0.0;2;0;25;11;0
./scikit-learn/sklearn/feature_selection/__init__.py;45;0;2;0;0;0.0;0.0;0;0;1;3;1
./scikit-learn/sklearn/feature_selection/_univariate_selection.py;924;53;237;29;7;1.66;3.14;1;0;32;12;0
./scikit-learn/sklearn/feature_selection/_rfe.py;663;43;153;17;2;2.29;7.0;0;0;14;11;1
./scikit-learn/sklearn/feature_selection/_sequential.py;247;11;54;5;1;2.6;5.0;2;0;22;11;1
./scikit-learn/sklearn/feature_selection/_base.py;224;9;37;7;1;2.14;6.0;4;0;19;13;1
./scikit-learn/sklearn/feature_selection/_from_model.py;428;14;94;12;1;1.67;9.0;8;4;44;12;1
./scikit-learn/sklearn/feature_selection/_variance_threshold.py;107;5;29;4;1;1.75;4.0;1;0;7;10;0
./scikit-learn/sklearn/feature_selection/tests/__init__.py;0;0;0;0;0;0.0;0.0;0;0;1;0;0
./scikit-learn/sklearn/feature_selection/tests/test_sequential.py;257;17;66;14;0;1.0;0.0;0;0;7;11;0
./scikit-learn/sklearn/feature_selection/tests/test_mutual_info.py;213;39;57;11;0;1.27;0.0;0;0;12;13;0
./scikit-learn/sklearn/feature_selection/tests/test_base.py;116;11;37;9;1;0.89;3.0;0;0;9;9;0
./scikit-learn/sklearn/feature_selection/tests/test_rfe.py;534;68;134;37;2;1.49;4.5;2;0;18;12;1
./scikit-learn/sklearn/feature_selection/tests/test_feature_select.py;877;99;141;40;0;0.62;0.0;0;0;20;12;1
./scikit-learn/sklearn/feature_selection/tests/test_chi2.py;72;13;21;6;0;0.67;0.0;1;0;6;9;0
./scikit-learn/sklearn/feature_selection/tests/test_from_model.py;561;33;123;37;4;0.68;1.25;0;0;20;10;1
./scikit-learn/sklearn/feature_selection/tests/test_variance_threshold.py;58;9;14;5;0;0.8;0.0;0;0;8;8;0
./scikit-learn/sklearn/neural_network/__init__.py;8;1;3;0;0;0.0;0.0;0;0;1;3;1
./scikit-learn/sklearn/neural_network/_multilayer_perceptron.py;1365;79;287;31;3;4.42;10.0;6;1;88;12;1
./scikit-learn/sklearn/neural_network/_rbm.py;370;11;85;12;1;2.33;12.0;0;0;12;14;0
./scikit-learn/sklearn/neural_network/_base.py;175;4;60;12;0;1.58;0.0;0;0;3;11;0
./scikit-learn/sklearn/neural_network/_stochastic_optimizers.py;229;2;58;10;3;3.2;3.33;0;0;10;11;0
./scikit-learn/sklearn/neural_network/tests/test_rbm.py;199;24;52;14;0;0.57;0.0;0;0;6;10;0
./scikit-learn/sklearn/neural_network/tests/__init__.py;0;0;0;0;0;0.0;0.0;0;0;1;0;0
./scikit-learn/sklearn/neural_network/tests/test_base.py;23;2;6;2;0;1.0;0.0;0;0;1;9;0
./scikit-learn/sklearn/neural_network/tests/test_mlp.py;797;121;171;39;0;0.51;0.0;0;0;43;12;1
./scikit-learn/sklearn/neural_network/tests/test_stochastic_optimizers.py;89;0;23;6;0;0.0;0.0;0;0;11;11;0
./scikit-learn/.github/scripts/label_title_regex.py;17;0;8;0;0;0.0;0.0;0;0;2;7;1
./scikit-learn/examples/impute/plot_missing_values.py;235;73;73;7;0;2.14;0.0;0;0;3;8;0
./scikit-learn/examples/impute/plot_iterative_imputer_variants_comparison.py;131;17;22;0;0;0.0;0.0;0;0;3;9;0
./scikit-learn/examples/gaussian_process/plot_gpr_prior_posterior.py;210;56;48;1;0;3.0;0.0;0;0;2;10;0
./scikit-learn/examples/gaussian_process/plot_gpc_iris.py;50;8;13;0;0;0.0;0.0;0;0;2;10;0
./scikit-learn/examples/gaussian_process/plot_gpr_co2.py;198;104;32;0;0;0.0;0.0;0;0;1;13;1
./scikit-learn/examples/gaussian_process/plot_gpr_noisy_targets.py;134;55;19;0;0;0.0;0.0;0;0;1;7;0
./scikit-learn/examples/gaussian_process/plot_gpc.py;112;7;16;0;0;0.0;0.0;0;0;1;11;0
./scikit-learn/examples/gaussian_process/plot_compare_gpr_krr.py;361;136;36;0;0;0.0;0.0;0;0;1;9;0
./scikit-learn/examples/gaussian_process/plot_gpc_isoprobability.py;76;10;23;1;0;1.0;0.0;0;0;1;8;0
./scikit-learn/examples/gaussian_process/plot_gpr_noisy.py;172;68;20;1;0;2.0;0.0;0;0;2;9;0
./scikit-learn/examples/gaussian_process/plot_gpc_xor.py;51;5;10;0;0;0.0;0.0;0;0;2;11;0
./scikit-learn/examples/gaussian_process/plot_gpr_on_structured_data.py;149;11;38;8;1;2.38;8.0;0;0;8;13;0
./scikit-learn/examples/model_selection/plot_randomized_search.py;73;7;19;1;0;2.0;0.0;0;0;3;10;0
./scikit-learn/examples/model_selection/plot_successive_halving_heatmap.py;103;21;26;1;0;4.0;0.0;0;0;6;10;0
./scikit-learn/examples/model_selection/plot_validation_curve.py;34;1;6;0;0;0.0;0.0;0;0;1;7;0
./scikit-learn/examples/model_selection/plot_successive_halving_iterations.py;70;22;15;0;0;0.0;0.0;0;0;1;8;0
./scikit-learn/examples/model_selection/plot_tuned_decision_threshold.py;166;76;18;0;0;0.0;0.0;0;0;1;10;1
./scikit-learn/examples/model_selection/plot_underfitting_overfitting.py;65;1;14;1;0;1.0;0.0;0;0;2;9;0
./scikit-learn/examples/model_selection/plot_roc_crossval.py;111;22;19;0;0;0.0;0.0;0;0;2;8;0
./scikit-learn/examples/model_selection/plot_train_error_vs_test_error.py;76;13;12;0;0;0.0;0.0;0;0;2;7;0
./scikit-learn/examples/model_selection/plot_confusion_matrix.py;55;5;13;0;0;0.0;0.0;0;0;2;8;0
./scikit-learn/examples/model_selection/plot_precision_recall.py;222;62;52;0;0;0.0;0.0;0;0;4;10;1
./scikit-learn/examples/model_selection/plot_cost_sensitive_learning.py;626;332;76;4;0;3.25;0.0;0;0;2;9;1
./scikit-learn/examples/model_selection/plot_permutation_tests_for_classification.py;115;72;22;0;0;0.0;0.0;0;0;1;8;1
./scikit-learn/examples/model_selection/plot_multi_metric_evaluation.py;95;19;21;0;0;0.0;0.0;0;0;5;10;0
./scikit-learn/examples/model_selection/plot_likelihood_ratios.py;272;94;53;3;0;3.0;0.0;0;0;5;9;0
./scikit-learn/examples/model_selection/plot_nested_cross_validation_iris.py;103;13;24;0;0;0.0;0.0;0;0;2;7;1
./scikit-learn/examples/model_selection/plot_grid_search_refit_callable.py;100;1;26;2;0;1.0;0.0;0;0;1;9;1
./scikit-learn/examples/model_selection/plot_grid_search_digits.py;172;61;36;2;0;1.0;0.0;0;0;2;9;0
./scikit-learn/examples/model_selection/plot_det.py;90;31;26;0;0;0.0;0.0;0;0;2;6;1
./scikit-learn/examples/model_selection/plot_roc.py;365;137;75;0;0;0.0;0.0;0;0;6;10;0
./scikit-learn/examples/model_selection/plot_cv_indices.py;182;55;32;2;0;5.0;0.0;0;0;4;9;0
./scikit-learn/examples/model_selection/plot_grid_search_text_feature_extraction.py;227;93;39;1;0;1.0;0.0;0;0;4;8;0
./scikit-learn/examples/model_selection/plot_learning_curve.py;163;61;21;0;0;0.0;0.0;0;0;4;9;0
./scikit-learn/examples/model_selection/plot_grid_search_stats.py;490;306;76;2;0;3.5;0.0;0;0;5;13;1
./scikit-learn/examples/model_selection/plot_cv_predict.py;70;31;9;0;0;0.0;0.0;0;0;1;6;0
./scikit-learn/examples/bicluster/plot_spectral_coclustering.py;41;3;15;0;0;0.0;0.0;0;0;1;7;0
./scikit-learn/examples/bicluster/plot_spectral_biclustering.py;103;50;20;0;0;0.0;0.0;0;0;1;8;0
./scikit-learn/examples/bicluster/plot_bicluster_newsgroups.py;140;5;32;4;1;1.0;1.0;0;0;10;10;0
./scikit-learn/examples/semi_supervised/plot_semi_supervised_versus_svm_iris.py;69;13;20;0;0;0.0;0.0;0;0;2;9;0
./scikit-learn/examples/semi_supervised/plot_self_training_varying_threshold.py;96;6;23;0;0;0.0;0.0;0;0;3;10;0
./scikit-learn/examples/semi_supervised/plot_label_propagation_structure.py;93;17;13;0;0;0.0;0.0;0;0;1;7;0
./scikit-learn/examples/semi_supervised/plot_semi_supervised_newsgroups.py;91;9;17;1;0;5.0;0.0;0;0;2;10;1
./scikit-learn/examples/semi_supervised/plot_label_propagation_digits.py;92;33;26;0;0;0.0;0.0;0;0;2;9;0
./scikit-learn/examples/semi_supervised/plot_label_propagation_digits_active_learning.py;99;8;26;0;0;0.0;0.0;0;0;6;11;0
./scikit-learn/examples/release_highlights/plot_release_highlights_1_4_0.py;196;63;38;0;0;0.0;0.0;0;0;1;9;0
./scikit-learn/examples/release_highlights/plot_release_highlights_0_23_0.py;163;58;27;0;0;0.0;0.0;0;0;1;9;0
./scikit-learn/examples/release_highlights/plot_release_highlights_1_3_0.py;132;64;26;0;0;0.0;0.0;0;0;1;10;1
./scikit-learn/examples/release_highlights/plot_release_highlights_1_5_0.py;140;56;43;2;0;1.5;0.0;0;0;5;9;1
./scikit-learn/examples/release_highlights/plot_release_highlights_1_0_0.py;215;168;26;0;0;0.0;0.0;0;0;1;9;0
./scikit-learn/examples/release_highlights/plot_release_highlights_0_24_0.py;228;121;36;0;0;0.0;0.0;0;0;1;11;0
./scikit-learn/examples/release_highlights/plot_release_highlights_1_1_0.py;200;95;34;0;0;0.0;0.0;0;0;3;11;1
./scikit-learn/examples/release_highlights/plot_release_highlights_1_2_0.py;138;60;28;0;0;0.0;0.0;0;0;1;11;0
./scikit-learn/examples/release_highlights/plot_release_highlights_0_22_0.py;229;115;53;1;0;2.0;0.0;0;0;2;9;0
./scikit-learn/examples/multiclass/plot_multiclass_overview.py;182;104;19;0;0;0.0;0.0;0;0;1;7;0
./scikit-learn/examples/mixture/plot_gmm_pdf.py;40;6;13;0;0;0.0;0.0;0;0;1;8;0
./scikit-learn/examples/mixture/plot_concentration_prior.py;142;8;22;2;0;5.5;0.0;0;0;6;9;0
./scikit-learn/examples/mixture/plot_gmm_init.py;83;4;27;1;0;3.0;0.0;0;0;3;9;1
./scikit-learn/examples/mixture/plot_gmm.py;75;9;18;1;0;6.0;0.0;0;0;3;10;0
./scikit-learn/examples/mixture/plot_gmm_sin.py;158;11;29;2;0;5.5;0.0;0;0;6;10;0
./scikit-learn/examples/mixture/plot_gmm_covariances.py;107;12;32;1;0;2.0;0.0;0;0;9;14;0
./scikit-learn/examples/mixture/plot_gmm_selection.py;145;59;28;1;0;2.0;0.0;0;0;3;8;0
./scikit-learn/examples/decomposition/plot_sparse_coding.py;104;8;16;2;0;3.0;0.0;0;0;4;10;0
./scikit-learn/examples/decomposition/plot_faces_decomposition.py;288;134;48;1;0;5.0;0.0;0;0;2;9;0
./scikit-learn/examples/decomposition/plot_pca_vs_fa_model_selection.py;114;13;30;3;0;1.0;0.0;0;0;3;9;0
./scikit-learn/examples/decomposition/plot_pca_vs_lda.py;49;1;15;0;0;0.0;0.0;0;0;3;8;0
./scikit-learn/examples/decomposition/plot_image_denoising.py;154;23;35;1;0;3.0;0.0;0;1;5;9;0
./scikit-learn/examples/decomposition/plot_pca_iris.py;43;5;16;0;0;0.0;0.0;0;0;2;11;0
./scikit-learn/examples/decomposition/plot_varimax_fa.py;63;8;15;0;0;0.0;0.0;0;0;2;8;0
./scikit-learn/examples/decomposition/plot_kernel_pca.py;142;76;23;0;0;0.0;0.0;0;0;1;7;0
./scikit-learn/examples/decomposition/plot_ica_vs_pca.py;89;12;26;1;0;2.0;0.0;0;0;3;8;0
./scikit-learn/examples/decomposition/plot_ica_blind_source_separation.py;62;23;20;0;0;0.0;0.0;0;0;3;7;0
./scikit-learn/examples/decomposition/plot_incremental_pca.py;49;2;14;0;0;0.0;0.0;0;0;4;11;0
./scikit-learn/examples/exercises/plot_iris_exercise.py;58;3;17;0;0;0.0;0.0;0;0;2;9;0
./scikit-learn/examples/exercises/plot_digits_classification_exercise.py;25;0;9;0;0;0.0;0.0;0;0;1;9;0
./scikit-learn/examples/exercises/plot_cv_diabetes.py;69;15;21;0;0;0.0;0.0;0;0;2;8;0
./scikit-learn/examples/datasets/plot_random_dataset.py;47;0;13;0;0;0.0;0.0;0;0;1;5;0
./scikit-learn/examples/datasets/plot_random_multilabel_dataset.py;86;9;20;1;0;4.0;0.0;0;0;2;10;0
./scikit-learn/examples/datasets/plot_iris_dataset.py;71;30;18;0;0;0.0;0.0;0;0;1;7;0
./scikit-learn/examples/datasets/plot_digits_last_image.py;23;5;8;0;0;0.0;0.0;0;0;1;7;0
./scikit-learn/examples/tree/plot_unveil_tree_structure.py;197;93;25;0;0;0.0;0.0;0;0;8;10;0
./scikit-learn/examples/tree/plot_tree_regression_multioutput.py;56;4;9;0;0;0.0;0.0;0;0;1;11;0
./scikit-learn/examples/tree/plot_iris_dtc.py;69;12;18;0;0;0.0;0.0;0;0;3;9;1
./scikit-learn/examples/tree/plot_tree_regression.py;40;5;9;0;0;0.0;0.0;0;0;1;7;0
./scikit-learn/examples/tree/plot_cost_complexity_pruning.py;94;31;13;0;0;0.0;0.0;0;0;2;8;0
./scikit-learn/examples/calibration/plot_calibration_curve.py;286;119;50;2;1;2.5;2.0;0;0;11;12;1
./scikit-learn/examples/calibration/plot_calibration_multiclass.py;240;76;35;0;0;0.0;0.0;0;0;5;9;0
./scikit-learn/examples/calibration/plot_compare_calibration.py;253;157;28;2;1;2.5;2.0;0;0;3;8;1
./scikit-learn/examples/calibration/plot_calibration.py;122;24;23;0;0;0.0;0.0;0;0;2;9;1
./scikit-learn/examples/manifold/plot_t_sne_perplexity.py;118;4;28;0;0;0.0;0.0;0;0;4;9;0
./scikit-learn/examples/manifold/plot_mds.py;81;9;19;0;0;0.0;0.0;0;0;1;8;0
./scikit-learn/examples/manifold/plot_lle_digits.py;161;49;22;1;0;2.0;0.0;0;0;8;10;0
./scikit-learn/examples/manifold/plot_swissroll.py;100;44;20;0;0;0.0;0.0;0;0;1;7;1
./scikit-learn/examples/manifold/plot_compare_methods.py;166;63;46;3;0;3.33;0.0;0;0;2;7;0
./scikit-learn/examples/manifold/plot_manifold_sphere.py;130;13;27;0;0;0.0;0.0;0;0;2;9;0
./scikit-learn/examples/neighbors/plot_kde_1d.py;125;12;32;1;0;2.0;0.0;0;0;9;10;0
./scikit-learn/examples/neighbors/plot_nca_classification.py;78;6;18;0;0;0.0;0.0;0;0;2;9;0
./scikit-learn/examples/neighbors/plot_caching_nearest_neighbors.py;59;10;11;0;0;0.0;0.0;0;0;2;8;0
./scikit-learn/examples/neighbors/plot_regression.py;39;11;12;0;0;0.0;0.0;0;0;2;8;0
./scikit-learn/examples/neighbors/plot_nca_dim_reduction.py;73;15;25;0;0;0.0;0.0;0;0;2;7;0
./scikit-learn/examples/neighbors/plot_digits_kde_sampling.py;50;7;14;0;0;0.0;0.0;0;0;3;10;0
./scikit-learn/examples/neighbors/approximate_nearest_neighbors.py;274;92;40;4;1;2.5;3.0;0;2;9;11;0
./scikit-learn/examples/neighbors/plot_classification.py;83;36;11;0;0;0.0;0.0;0;0;2;9;0
./scikit-learn/examples/neighbors/plot_lof_novelty_detection.py;78;8;11;0;0;0.0;0.0;0;0;1;8;0
./scikit-learn/examples/neighbors/plot_species_kde.py;122;16;30;1;0;1.0;0.0;0;1;4;9;0
./scikit-learn/examples/neighbors/plot_nearest_centroid.py;37;6;10;0;0;0.0;0.0;0;0;2;7;0
./scikit-learn/examples/neighbors/plot_lof_outlier_detection.py;75;16;17;1;0;2.0;0.0;0;0;1;8;0
./scikit-learn/examples/neighbors/plot_nca_illustration.py;80;17;21;2;0;2.5;0.0;0;0;5;10;0
./scikit-learn/examples/text/plot_hashing_vs_dict_vectorizer.py;321;177;64;3;0;1.0;0.0;0;0;2;9;0
./scikit-learn/examples/text/plot_document_clustering.py;389;214;62;1;0;4.0;0.0;0;0;7;9;0
./scikit-learn/examples/text/plot_document_classification_20newsgroups.py;382;157;72;4;0;1.25;0.0;0;0;11;11;0
./scikit-learn/examples/applications/wikipedia_principal_eigenvector.py;185;23;49;5;0;2.4;0.0;0;0;24;13;0
./scikit-learn/examples/applications/plot_species_distribution_modeling.py;199;27;49;3;0;2.67;0.0;0;1;6;10;0
./scikit-learn/examples/applications/plot_cyclical_feature_engineering.py;749;413;84;4;0;2.75;0.0;0;0;7;10;0
./scikit-learn/examples/applications/plot_face_recognition.py;119;27;43;2;0;5.0;0.0;0;0;2;9;1
./scikit-learn/examples/applications/plot_time_series_lagged_features.py;368;149;57;2;0;2.0;0.0;0;0;9;12;1
./scikit-learn/examples/applications/plot_topics_extraction_with_nmf_lda.py;196;14;30;1;0;4.0;0.0;0;0;3;10;0
./scikit-learn/examples/applications/plot_tomography_l1_reconstruction.py;118;7;27;4;0;1.5;0.0;0;0;2;9;0
./scikit-learn/examples/applications/plot_prediction_latency.py;287;15;61;11;0;2.82;0.0;0;0;13;10;0
./scikit-learn/examples/applications/plot_outlier_detection_wine.py;120;30;17;0;0;0.0;0.0;0;0;3;7;0
./scikit-learn/examples/applications/plot_digits_denoising.py;127;57;24;1;0;2.0;0.0;0;0;2;9;1
./scikit-learn/examples/applications/plot_model_complexity_influence.py;250;74;44;4;0;1.75;0.0;0;0;6;9;0
./scikit-learn/examples/applications/plot_out_of_core_classification.py;348;50;88;24;1;1.75;16.0;0;0;24;11;0
./scikit-learn/examples/applications/plot_stock_market.py;239;75;35;0;0;0.0;0.0;0;0;6;11;0
./scikit-learn/examples/ensemble/plot_isolation_forest.py;101;42;22;0;0;0.0;0.0;0;0;1;8;0
./scikit-learn/examples/ensemble/plot_voting_decision_regions.py;57;3;13;0;0;0.0;0.0;0;0;2;9;0
./scikit-learn/examples/ensemble/plot_gradient_boosting_early_stopping.py;151;50;31;0;0;0.0;0.0;0;0;4;9;1
./scikit-learn/examples/ensemble/plot_forest_importances_faces.py;73;41;16;0;0;0.0;0.0;0;0;1;7;0
./scikit-learn/examples/ensemble/plot_feature_transformation.py;129;42;42;2;0;2.0;0.0;0;0;3;7;1
./scikit-learn/examples/ensemble/plot_monotonic_constraints.py;87;21;22;0;0;0.0;0.0;0;0;2;11;1
./scikit-learn/examples/ensemble/plot_ensemble_oob.py;88;13;17;0;0;0.0;0.0;0;0;4;8;0
./scikit-learn/examples/ensemble/plot_adaboost_twoclass.py;96;8;15;0;0;0.0;0.0;0;0;3;8;0
./scikit-learn/examples/ensemble/plot_gradient_boosting_regularization.py;72;5;19;0;0;0.0;0.0;0;0;3;10;0
./scikit-learn/examples/ensemble/plot_gradient_boosting_categorical.py;231;86;47;1;0;1.0;0.0;0;0;4;9;0
./scikit-learn/examples/ensemble/plot_random_forest_regression_multioutput.py;83;6;14;0;0;0.0;0.0;0;0;1;11;0
./scikit-learn/examples/ensemble/plot_gradient_boosting_regression.py;138;59;20;0;0;0.0;0.0;0;0;2;8;0
./scikit-learn/examples/ensemble/plot_adaboost_multiclass.py;225;119;28;1;0;2.0;0.0;0;0;1;11;1
./scikit-learn/examples/ensemble/plot_forest_importances.py;96;39;21;0;0;0.0;0.0;0;0;1;8;0
./scikit-learn/examples/ensemble/plot_forest_iris.py;148;27;29;0;0;0.0;0.0;0;0;7;12;0
./scikit-learn/examples/ensemble/plot_forest_hist_grad_boosting_comparison.py;197;76;29;0;0;0.0;0.0;0;0;3;9;0
./scikit-learn/examples/ensemble/plot_gradient_boosting_quantile.py;299;154;39;3;0;1.67;0.0;0;0;7;10;0
./scikit-learn/examples/ensemble/plot_voting_regressor.py;71;19;19;0;0;0.0;0.0;0;0;1;6;0
./scikit-learn/examples/ensemble/plot_bias_variance.py;146;16;45;2;0;2.0;0.0;0;0;12;10;0
./scikit-learn/examples/ensemble/plot_gradient_boosting_oob.py;117;15;27;2;0;2.0;0.0;0;0;3;9;0
./scikit-learn/examples/ensemble/plot_stack_predictors.py;209;74;50;1;0;0.0;0.0;0;0;3;12;0
./scikit-learn/examples/ensemble/plot_adaboost_regression.py;62;21;18;0;0;0.0;0.0;0;0;1;9;0
./scikit-learn/examples/ensemble/plot_voting_probas.py;76;9;18;0;0;0.0;0.0;0;0;1;8;0
./scikit-learn/examples/ensemble/plot_hgbt_regression.py;373;153;55;1;0;2.0;0.0;0;0;4;10;1
./scikit-learn/examples/ensemble/plot_random_forest_embedding.py;85;10;23;0;0;0.0;0.0;0;0;1;9;0
./scikit-learn/examples/neural_networks/plot_rbm_logistic_classification.py;114;41;32;2;0;2.0;0.0;0;0;2;10;0
./scikit-learn/examples/neural_networks/plot_mlp_alpha.py;127;14;20;0;0;0.0;0.0;0;0;5;12;0
./scikit-learn/examples/neural_networks/plot_mlp_training_curves.py;122;6;19;1;0;4.0;0.0;0;0;6;9;0
./scikit-learn/examples/neural_networks/plot_mnist_filters.py;57;6;14;0;0;0.0;0.0;0;0;3;8;0
./scikit-learn/examples/linear_model/plot_poisson_regression_non_normal_loss.py;511;226;80;3;0;3.0;0.0;0;0;7;12;1
./scikit-learn/examples/linear_model/plot_sgd_loss_functions.py;42;0;7;1;0;2.0;0.0;0;0;1;8;0
./scikit-learn/examples/linear_model/plot_quantile_regression.py;278;119;37;0;0;0.0;0.0;0;0;10;10;1
./scikit-learn/examples/linear_model/plot_ard.py;182;74;29;0;0;0.0;0.0;0;0;1;8;0
./scikit-learn/examples/linear_model/plot_sgd_iris.py;69;7;16;2;0;1.5;0.0;0;0;3;11;0
./scikit-learn/examples/linear_model/plot_logistic.py;54;5;12;0;0;0.0;0.0;0;0;1;9;0
./scikit-learn/examples/linear_model/plot_sparse_logistic_regression_20newsgroups.py;110;5;21;0;0;0.0;0.0;0;0;6;10;1
./scikit-learn/examples/linear_model/plot_ransac.py;62;5;16;0;0;0.0;0.0;0;0;1;8;0
./scikit-learn/examples/linear_model/plot_theilsen.py;105;12;20;0;0;0.0;0.0;0;0;3;8;0
./scikit-learn/examples/linear_model/plot_sgd_separating_hyperplane.py;34;3;10;0;0;0.0;0.0;0;0;2;7;0
./scikit-learn/examples/linear_model/plot_nnls.py;53;15;16;0;0;0.0;0.0;0;0;1;7;0
./scikit-learn/examples/linear_model/plot_ridge_path.py;52;10;16;0;0;0.0;0.0;0;0;2;8;0
./scikit-learn/examples/linear_model/plot_logistic_multinomial.py;57;6;15;2;0;1.5;0.0;0;0;6;12;1
./scikit-learn/examples/linear_model/plot_ols_ridge_variance.py;48;3;16;0;0;0.0;0.0;0;0;3;10;0
./scikit-learn/examples/linear_model/plot_logistic_path.py;63;12;22;0;0;0.0;0.0;0;0;2;10;0
./scikit-learn/examples/linear_model/plot_lasso_coordinate_descent_path.py;65;6;24;0;0;0.0;0.0;0;0;4;6;0
./scikit-learn/examples/linear_model/plot_lasso_and_elasticnet.py;210;119;38;0;0;0.0;0.0;0;0;3;10;0
./scikit-learn/examples/linear_model/plot_lasso_lars.py;28;3;9;0;0;0.0;0.0;0;0;1;6;0
./scikit-learn/examples/linear_model/plot_omp.py;62;8;15;0;0;0.0;0.0;0;0;1;8;0
./scikit-learn/examples/linear_model/plot_ols_3d.py;62;12;22;1;0;5.0;0.0;0;0;1;12;0
./scikit-learn/examples/linear_model/plot_tweedie_regression_insurance_claims.py;606;177;87;4;0;5.25;0.0;0;0;17;15;1
./scikit-learn/examples/linear_model/plot_lasso_model_selection.py;224;113;28;1;0;1.0;0.0;0;0;2;9;0
./scikit-learn/examples/linear_model/plot_sgd_early_stopping.py;125;11;30;2;0;4.5;0.0;0;0;8;8;0
./scikit-learn/examples/linear_model/plot_multi_task_lasso_support.py;67;12;15;0;0;0.0;0.0;0;0;2;10;0
./scikit-learn/examples/linear_model/plot_huber_vs_ridge.py;52;6;12;0;0;0.0;0.0;0;0;2;7;0
./scikit-learn/examples/linear_model/plot_lasso_lars_ic.py;95;29;21;1;0;3.0;0.0;0;0;1;11;1
./scikit-learn/examples/linear_model/plot_elastic_net_precomputed_gram_matrix_with_weighted_samples.py;40;12;12;0;0;0.0;0.0;0;0;1;7;0
./scikit-learn/examples/linear_model/plot_logistic_l1_l2_sparsity.py;70;10;20;0;0;0.0;0.0;0;0;4;9;1
./scikit-learn/examples/linear_model/plot_ridge_coeffs.py;158;81;22;0;0;0.0;0.0;0;0;2;8;0
./scikit-learn/examples/linear_model/plot_sgd_penalties.py;43;0;11;0;0;0.0;0.0;0;0;1;7;0
./scikit-learn/examples/linear_model/plot_robust_fit.py;92;1;24;0;0;0.0;0.0;0;0;3;9;0
./scikit-learn/examples/linear_model/plot_iris_logistic.py;41;7;12;0;0;0.0;0.0;0;0;1;7;0
./scikit-learn/examples/linear_model/plot_polynomial_interpolation.py;175;64;40;2;0;1.0;0.0;0;0;3;11;0
./scikit-learn/examples/linear_model/plot_sparse_logistic_regression_mnist.py;68;6;15;0;0;0.0;0.0;0;0;2;8;0
./scikit-learn/examples/linear_model/plot_lasso_dense_vs_sparse_data.py;67;27;19;0;0;0.0;0.0;0;0;1;10;0
./scikit-learn/examples/linear_model/plot_sgd_weighted_samples.py;50;5;10;0;0;0.0;0.0;0;0;1;9;0
./scikit-learn/examples/linear_model/plot_ols.py;47;13;16;0;0;0.0;0.0;0;0;1;6;0
./scikit-learn/examples/linear_model/plot_sgdocsvm_vs_ocsvm.py;175;10;22;0;0;0.0;0.0;0;0;1;10;0
./scikit-learn/examples/linear_model/plot_sgd_comparison.py;62;3;8;0;0;0.0;0.0;0;0;4;10;0
./scikit-learn/examples/linear_model/plot_bayesian_ridge_curvefit.py;72;12;20;1;0;1.0;0.0;0;0;5;9;0
./scikit-learn/examples/cross_decomposition/plot_compare_cross_decomposition.py;143;27;28;0;0;0.0;0.0;0;0;1;10;0
./scikit-learn/examples/cross_decomposition/plot_pcr_vs_pls.py;144;48;22;0;0;0.0;0.0;0;0;2;9;0
./scikit-learn/examples/kernel_approximation/plot_scalable_poly_kernels.py;209;80;42;0;0;0.0;0.0;0;0;4;10;1
./scikit-learn/examples/compose/plot_column_transformer.py;160;55;27;2;0;1.0;0.0;0;0;4;13;0
./scikit-learn/examples/compose/plot_column_transformer_mixed_types.py;190;90;42;0;0;0.0;0.0;0;0;1;8;0
./scikit-learn/examples/compose/plot_transformed_target.py;192;54;41;1;0;2.0;0.0;0;0;5;9;0
./scikit-learn/examples/compose/plot_digits_pipe.py;71;10;15;0;0;0.0;0.0;0;0;1;13;0
./scikit-learn/examples/compose/plot_feature_union.py;44;8;18;0;0;0.0;0.0;0;0;1;7;0
./scikit-learn/examples/compose/plot_compare_reduction.py;108;33;24;0;0;0.0;0.0;0;0;1;7;0
./scikit-learn/examples/miscellaneous/plot_multioutput_face_completion.py;74;7;21;0;0;0.0;0.0;0;0;6;10;0
./scikit-learn/examples/miscellaneous/plot_estimator_representation.py;40;16;9;0;0;0.0;0.0;0;0;1;5;0
./scikit-learn/examples/miscellaneous/plot_kernel_ridge_regression.py;179;44;38;0;0;0.0;0.0;0;0;5;9;1
./scikit-learn/examples/miscellaneous/plot_isotonic_regression.py;58;13;18;0;0;0.0;0.0;0;0;1;8;0
./scikit-learn/examples/miscellaneous/plot_anomaly_comparison.py;162;13;28;0;0;0.0;0.0;0;0;6;11;0
./scikit-learn/examples/miscellaneous/plot_outlier_detection_bench.py;392;156;65;2;0;3.0;0.0;0;0;18;11;0
./scikit-learn/examples/miscellaneous/plot_set_output.py;110;35;26;0;0;0.0;0.0;0;0;2;8;0
./scikit-learn/examples/miscellaneous/plot_metadata_routing.py;600;287;116;27;8;2.44;3.12;1;4;13;16;1
./scikit-learn/examples/miscellaneous/plot_johnson_lindenstrauss_bound.py;175;82;33;0;0;0.0;0.0;0;0;6;9;0
./scikit-learn/examples/miscellaneous/plot_roc_curve_visualization_api.py;49;21;7;0;0;0.0;0.0;0;0;1;5;0
./scikit-learn/examples/miscellaneous/plot_multilabel.py;103;4;27;2;0;5.0;0.0;1;0;4;11;0
./scikit-learn/examples/miscellaneous/plot_pipeline_display.py;150;47;30;0;0;0.0;0.0;0;0;1;10;0
./scikit-learn/examples/miscellaneous/plot_display_object_visualization.py;71;33;19;0;0;0.0;0.0;0;0;1;7;0
./scikit-learn/examples/miscellaneous/plot_kernel_approximation.py;215;53;45;0;0;0.0;0.0;0;0;3;8;1
./scikit-learn/examples/miscellaneous/plot_partial_dependence_visualization_api.py;120;60;17;0;0;0.0;0.0;0;0;1;7;0
./scikit-learn/examples/inspection/plot_permutation_importance_multicollinear.py;153;56;28;1;0;4.0;0.0;0;0;2;8;0
./scikit-learn/examples/inspection/plot_linear_model_coefficient_interpretation.py;691;356;97;0;0;0.0;0.0;0;0;5;13;1
./scikit-learn/examples/inspection/plot_partial_dependence.py;518;224;51;0;0;0.0;0.0;0;0;3;10;0
./scikit-learn/examples/inspection/plot_causal_interpretation.py;162;69;24;0;0;0.0;0.0;0;0;1;9;0
./scikit-learn/examples/inspection/plot_permutation_importance.py;210;95;32;0;0;0.0;0.0;0;0;2;8;1
./scikit-learn/examples/developing_estimators/sklearn_is_fitted.py;62;13;14;5;1;2.2;5.0;0;0;3;9;0
./scikit-learn/examples/covariance/plot_robust_vs_empirical_covariance.py;164;12;21;0;0;0.0;0.0;0;0;3;10;0
./scikit-learn/examples/covariance/plot_lw_vs_oas.py;91;4;14;0;0;0.0;0.0;0;0;3;10;0
./scikit-learn/examples/covariance/plot_mahalanobis_distances.py;181;50;32;0;0;0.0;0.0;0;0;1;8;1
./scikit-learn/examples/covariance/plot_sparse_cov.py;133;16;26;0;0;0.0;0.0;0;0;4;8;0
./scikit-learn/examples/covariance/plot_covariance_estimation.py;130;53;26;0;0;0.0;0.0;0;0;1;11;1
./scikit-learn/examples/preprocessing/plot_discretization_classification.py;201;22;30;1;0;1.0;0.0;0;0;9;12;1
./scikit-learn/examples/preprocessing/plot_discretization_strategies.py;84;6;19;0;0;0.0;0.0;0;0;5;10;1
./scikit-learn/examples/preprocessing/plot_scaling_importance.py;212;89;46;1;0;4.0;0.0;0;0;3;9;0
./scikit-learn/examples/preprocessing/plot_target_encoder.py;198;62;27;1;0;2.0;0.0;0;0;3;10;0
./scikit-learn/examples/preprocessing/plot_discretization.py;79;7;12;0;0;0.0;0.0;0;0;1;9;0
./scikit-learn/examples/preprocessing/plot_map_data_to_normal.py;112;13;33;0;0;0.0;0.0;0;0;4;8;0
./scikit-learn/examples/preprocessing/plot_all_scaling.py;357;161;61;3;0;3.33;0.0;0;0;1;9;0
./scikit-learn/examples/preprocessing/plot_target_encoder_cross_val.py;164;68;27;0;0;0.0;0.0;0;0;1;9;0
./scikit-learn/examples/cluster/plot_linkage_comparison.py;146;14;29;0;0;0.0;0.0;0;0;6;11;0
./scikit-learn/examples/cluster/plot_digits_linkage.py;64;6;24;1;0;3.0;0.0;0;0;4;11;0
./scikit-learn/examples/cluster/plot_agglomerative_dendrogram.py;42;8;12;1;0;1.0;0.0;0;0;4;9;0
./scikit-learn/examples/cluster/plot_optics.py;89;9;20;0;0;0.0;0.0;0;0;5;8;1
./scikit-learn/examples/cluster/plot_bisect_kmeans.py;46;5;19;0;0;0.0;0.0;0;0;4;9;1
./scikit-learn/examples/cluster/plot_mean_shift.py;51;10;15;0;0;0.0;0.0;0;0;2;7;0
./scikit-learn/examples/cluster/plot_cluster_comparison.py;256;19;28;0;0;0.0;0.0;0;0;6;11;0
./scikit-learn/examples/cluster/plot_affinity_propagation.py;62;9;13;0;0;0.0;0.0;0;0;3;8;1
./scikit-learn/examples/cluster/plot_birch_vs_minibatchkmeans.py;91;10;18;0;0;0.0;0.0;0;0;5;9;0
./scikit-learn/examples/cluster/plot_color_quantization.py;74;12;22;1;0;4.0;0.0;0;0;1;8;0
./scikit-learn/examples/cluster/plot_kmeans_digits.py;171;50;32;1;0;4.0;0.0;0;0;1;8;0
./scikit-learn/examples/cluster/plot_kmeans_silhouette_analysis.py;130;26;29;0;0;0.0;0.0;0;0;4;9;0
./scikit-learn/examples/cluster/plot_segmentation_toy.py;89;27;30;0;0;0.0;0.0;0;0;1;8;0
./scikit-learn/examples/cluster/plot_inductive_clustering.py;95;8;34;6;1;2.33;4.0;0;0;2;8;0
./scikit-learn/examples/cluster/plot_face_compress.py;166;83;25;0;0;0.0;0.0;0;1;4;9;1
./scikit-learn/examples/cluster/plot_ward_structured_vs_unstructured.py;106;36;24;0;0;0.0;0.0;0;0;3;10;0
./scikit-learn/examples/cluster/plot_coin_segmentation.py;87;31;19;0;0;0.0;0.0;0;0;3;10;0
./scikit-learn/examples/cluster/plot_hdbscan.py;224;115;21;1;0;6.0;0.0;0;0;17;12;0
./scikit-learn/examples/cluster/plot_kmeans_plusplus.py;31;3;11;0;0;0.0;0.0;0;0;2;7;0
./scikit-learn/examples/cluster/plot_coin_ward_segmentation.py;73;26;20;0;0;0.0;0.0;0;0;2;10;0
./scikit-learn/examples/cluster/plot_kmeans_assumptions.py;143;73;36;0;0;0.0;0.0;0;0;1;8;0
./scikit-learn/examples/cluster/plot_agglomerative_clustering_metrics.py;116;7;30;1;0;1.0;0.0;0;0;11;13;0
./scikit-learn/examples/cluster/plot_mini_batch_kmeans.py;116;24;28;0;0;0.0;0.0;0;0;4;7;0
./scikit-learn/examples/cluster/plot_adjusted_for_chance_measures.py;196;91;34;3;0;3.67;0.0;0;0;7;9;0
./scikit-learn/examples/cluster/plot_dict_face_patches.py;70;10;21;0;0;0.0;0.0;0;0;6;12;0
./scikit-learn/examples/cluster/plot_cluster_iris.py;67;7;21;0;0;0.0;0.0;0;0;3;11;0
./scikit-learn/examples/cluster/plot_kmeans_stability_low_dim_dense.py;104;9;28;1;0;4.0;0.0;0;0;5;10;0
./scikit-learn/examples/cluster/plot_dbscan.py;104;38;25;0;0;0.0;0.0;0;0;4;8;0
./scikit-learn/examples/cluster/plot_feature_agglomeration_vs_univariate_selection.py;94;27;19;0;0;0.0;0.0;0;0;2;9;0
./scikit-learn/examples/cluster/plot_agglomerative_clustering.py;68;8;16;0;0;0.0;0.0;0;0;4;10;0
./scikit-learn/examples/cluster/plot_digits_agglomeration.py;49;3;10;0;0;0.0;0.0;0;0;4;8;0
./scikit-learn/examples/svm/plot_separating_hyperplane.py;40;4;8;0;0;0.0;0.0;0;0;1;7;0
./scikit-learn/examples/svm/plot_iris_svc.py;71;7;18;0;0;0.0;0.0;0;0;2;8;1
./scikit-learn/examples/svm/plot_rbf_parameters.py;177;44;41;2;1;4.0;2.0;0;0;4;9;0
./scikit-learn/examples/svm/plot_weighted_samples.py;55;7;17;1;0;4.0;0.0;0;0;1;9;0
./scikit-learn/examples/svm/plot_svm_scale_c.py;172;61;38;0;0;0.0;0.0;0;0;7;11;0
./scikit-learn/examples/svm/plot_svm_kernels.py;276;157;28;1;0;4.0;0.0;0;0;5;8;1
./scikit-learn/examples/svm/plot_svm_margin.py;74;13;18;0;0;0.0;0.0;0;0;2;9;0
./scikit-learn/examples/svm/plot_svm_anova.py;54;12;14;0;0;0.0;0.0;0;0;2;10;0
./scikit-learn/examples/svm/plot_separating_hyperplane_unbalanced.py;75;6;17;0;0;0.0;0.0;0;0;1;7;0
./scikit-learn/examples/svm/plot_svm_regression.py;65;10;11;0;0;0.0;0.0;0;0;2;9;0
./scikit-learn/examples/svm/plot_oneclass.py;90;7;12;0;0;0.0;0.0;0;0;1;8;0
./scikit-learn/examples/svm/plot_custom_kernel.py;44;6;13;1;0;2.0;0.0;0;0;1;7;0
./scikit-learn/examples/svm/plot_svm_tie_breaking.py;51;2;15;0;0;0.0;0.0;0;0;3;10;0
./scikit-learn/examples/svm/plot_linearsvc_support_vectors.py;51;6;7;0;0;0.0;0.0;0;0;2;9;1
./scikit-learn/examples/multioutput/plot_classifier_chain_yeast.py;131;58;22;0;0;0.0;0.0;0;0;2;7;0
./scikit-learn/examples/classification/plot_lda.py;85;6;19;1;0;2.0;0.0;0;0;4;10;0
./scikit-learn/examples/classification/plot_classifier_comparison.py;140;12;19;0;0;0.0;0.0;0;0;5;9;0
./scikit-learn/examples/classification/plot_classification_probability.py;80;7;15;0;0;0.0;0.0;0;0;3;9;1
./scikit-learn/examples/classification/plot_lda_qda.py;202;55;23;3;0;4.33;0.0;0;0;3;10;0
./scikit-learn/examples/classification/plot_digits_classification.py;102;53;26;0;0;0.0;0.0;0;0;5;8;0
./scikit-learn/examples/feature_selection/plot_feature_selection.py;106;34;24;0;0;0.0;0.0;0;0;1;8;1
./scikit-learn/examples/feature_selection/plot_rfe_digits.py;42;4;12;0;0;0.0;0.0;0;0;3;9;1
./scikit-learn/examples/feature_selection/plot_rfe_with_cross_validation.py;76;29;14;0;0;0.0;0.0;0;0;1;7;1
./scikit-learn/examples/feature_selection/plot_feature_selection_pipeline.py;66;35;17;0;0;0.0;0.0;0;0;1;7;1
./scikit-learn/examples/feature_selection/plot_f_test_vs_mi.py;37;0;12;0;0;0.0;0.0;0;0;3;9;0
./scikit-learn/examples/feature_selection/plot_select_from_model_diabetes.py;170;86;25;0;0;0.0;0.0;0;0;2;11;0
./scikit-learn/doc/conftest.py;158;20;42;15;0;0.4;0.0;15;9;48;15;1
./scikit-learn/doc/conf.py;655;178;160;12;2;1.58;2.0;1;3;34;11;1
./scikit-learn/doc/tutorial/machine_learning_map/pyparsing.py;4878;162;837;315;57;2.23;4.25;89;61;710;17;1
./scikit-learn/doc/tutorial/machine_learning_map/parse_path.py;150;18;42;7;1;1.86;2.0;2;2;15;12;1
./scikit-learn/doc/tutorial/machine_learning_map/svg2imagemap.py;95;1;16;0;0;0.0;0.0;0;0;30;14;1
./scikit-learn/doc/tutorial/text_analytics/skeletons/exercise_01_language_train_model.py;45;16;17;0;0;0.0;0.0;0;0;2;9;1
./scikit-learn/doc/tutorial/text_analytics/skeletons/exercise_02_sentiment.py;48;23;15;0;0;0.0;0.0;0;0;2;8;1
./scikit-learn/doc/tutorial/text_analytics/data/movie_reviews/fetch_data.py;23;0;10;0;0;0.0;0.0;0;0;6;11;1
./scikit-learn/doc/tutorial/text_analytics/data/languages/fetch_data.py;85;14;18;0;0;0.0;0.0;0;0;16;10;1
./scikit-learn/doc/tutorial/text_analytics/solutions/generate_skeletons.py;27;0;11;0;0;0.0;0.0;0;0;12;8;1
./scikit-learn/doc/tutorial/text_analytics/solutions/exercise_01_language_train_model.py;53;16;17;0;0;0.0;0.0;0;0;2;9;1
./scikit-learn/doc/tutorial/text_analytics/solutions/exercise_02_sentiment.py;64;23;15;0;0;0.0;0.0;0;0;3;11;1
./scikit-learn/doc/sphinxext/allow_nan_estimators.py;46;0;9;3;1;1.0;2.0;0;0;7;12;1
./scikit-learn/doc/sphinxext/sphinx_issues.py;190;10;28;8;1;4.38;4.0;2;0;27;11;1
./scikit-learn/doc/sphinxext/github_link.py;67;2;17;3;0;2.33;0.0;0;4;12;10;0
./scikit-learn/doc/sphinxext/doi_role.py;39;0;8;3;0;3.0;0.0;0;0;5;7;1
./scikit-learn/doc/sphinxext/add_toctree_functions.py;131;21;29;4;0;3.0;0.0;0;0;12;10;1
./scikit-learn/asv_benchmarks/benchmarks/__init__.py;1;0;0;0;0;0.0;0.0;0;0;1;2;1
./scikit-learn/asv_benchmarks/benchmarks/neighbors.py;26;0;13;4;1;1.5;4.0;0;0;4;8;1
./scikit-learn/asv_benchmarks/benchmarks/common.py;191;6;65;21;4;1.19;3.0;1;0;25;10;1
./scikit-learn/asv_benchmarks/benchmarks/metrics.py;34;0;11;3;1;1.0;3.0;1;0;7;8;1
./scikit-learn/asv_benchmarks/benchmarks/datasets.py;135;2;33;10;0;2.8;0.0;0;0;2;11;1
./scikit-learn/asv_benchmarks/benchmarks/svm.py;20;0;10;4;1;1.5;4.0;0;0;1;8;1
./scikit-learn/asv_benchmarks/benchmarks/manifold.py;22;0;12;4;1;1.5;4.0;0;0;2;8;1
./scikit-learn/asv_benchmarks/benchmarks/utils.py;32;0;15;7;0;1.71;0.0;0;0;1;13;1
./scikit-learn/asv_benchmarks/benchmarks/ensemble.py;87;0;34;12;3;1.5;4.0;0;0;5;8;1
./scikit-learn/asv_benchmarks/benchmarks/model_selection.py;57;0;27;8;2;1.25;4.0;0;0;3;11;1
./scikit-learn/asv_benchmarks/benchmarks/linear_model.py;183;0;74;27;6;1.56;4.5;0;0;20;8;1
./scikit-learn/asv_benchmarks/benchmarks/cluster.py;79;0;25;8;2;1.5;4.0;0;0;5;10;1
./scikit-learn/asv_benchmarks/benchmarks/decomposition.py;68;0;28;12;3;1.5;4.0;0;0;1;8;1
./scikit-learn/build_tools/generate_authors_table.py;210;15;42;6;0;0.83;0.0;0;1;21;10;1
./scikit-learn/build_tools/get_comment.py;308;27;48;6;0;3.83;0.0;2;2;26;14;1
./scikit-learn/build_tools/update_environments_and_lock_files.py;671;28;75;18;0;1.5;0.0;3;0;23;10;1
./scikit-learn/build_tools/github/check_wheels.py;27;2;10;0;0;0.0;0.0;0;0;4;8;1
./scikit-learn/build_tools/github/vendor.py;74;2;22;2;0;2.0;0.0;3;0;7;8;1
./scikit-learn/build_tools/azure/get_selected_tests.py;25;2;9;1;0;0.0;0.0;0;0;4;10;1
./scikit-learn/build_tools/azure/get_commit_message.py;55;16;10;2;0;0.0;0.0;0;0;4;10;1
./scikit-learn/build_tools/circle/list_versions.py;98;10;20;4;0;1.25;0.0;1;1;24;11;1
